"code","high","low","open","close","number_of_trades","volume","timestamp"
"LHB","569","550","555","551.75",327,34500,"2011-01-02 00:00:00+00"
"LHB","569","543.5","568","551",331,39950,"2011-01-03 00:00:00+00"
"LHB","620","541","541","580",858,104450,"2011-01-04 00:00:00+00"
"LHB","590","556.25","590","565.75",306,37250,"2011-01-05 00:00:00+00"
"LHB","566.5","555.5","563","557.25",300,28050,"2011-01-06 00:00:00+00"
"LHB","550.25","513.25","550.25","522.75",284,25500,"2011-01-09 00:00:00+00"
"LHB","526","490","526","497",103,14550,"2011-01-10 00:00:00+00"
"LHB","569","525","535","565.75",402,43650,"2011-01-11 00:00:00+00"
"LHB","567","536.75","567","542",214,21200,"2011-01-12 00:00:00+00"
"LHB","558","535","545","537.5",184,31400,"2011-01-13 00:00:00+00"
"LHB","533","505","533","512.75",241,22100,"2011-01-16 00:00:00+00"
"LHB","530","500.25","510","514",304,29000,"2011-01-17 00:00:00+00"
"LHB","510","495","508.25","495.5",197,15600,"2011-01-18 00:00:00+00"
"LHB","534.75","470","534.75","480.5",238,27850,"2011-01-19 00:00:00+00"
"LHB","470","425","470","437.75",14,1650,"2011-01-20 00:00:00+00"
"LHB","475.25","475","475","475",17,2250,"2011-01-25 00:00:00+00"
"LHB","512.25","498","502","512.25",271,31350,"2011-01-26 00:00:00+00"
"LHB","520","500","520","503.75",273,22900,"2011-01-27 00:00:00+00"
"LHB","516","495","516","499.5",226,19800,"2011-01-30 00:00:00+00"
"LHB","510","492","492.25","493.5",259,28100,"2011-01-31 00:00:00+00"
"LHB","496.5","480","496.5","481",219,22750,"2011-02-01 00:00:00+00"
"LHB","490","477","478","485.25",222,24250,"2011-02-02 00:00:00+00"
"LHB","486.5","461.5","480.5","468",192,22700,"2011-02-03 00:00:00+00"
"LHB","462","436.75","462","441",302,29350,"2011-02-06 00:00:00+00"
"LHB","445","417","435","424",221,23250,"2011-02-07 00:00:00+00"
"LHB","436.75","400","431.75","428.25",359,33600,"2011-02-08 00:00:00+00"
"LHB","437","410","424","417.25",145,13700,"2011-02-09 00:00:00+00"
"LHB","422.75","410","410","412",166,20800,"2011-02-10 00:00:00+00"
"LHB","407","390","406","392",308,32600,"2011-02-13 00:00:00+00"
"LHB","380.25","357.75","380.25","360.25",316,37300,"2011-02-14 00:00:00+00"
"LHB","390","330","359.25","383.25",262,39200,"2011-02-15 00:00:00+00"
"LHB","416.75","400","403","416.5",170,14850,"2011-02-20 00:00:00+00"
"LHB","424","396","424","397.75",260,34100,"2011-02-22 00:00:00+00"
"LHB","401","385","400","387.5",150,14950,"2011-02-23 00:00:00+00"
"LHB","388","360","385","369",151,16500,"2011-02-24 00:00:00+00"
"LHB","370","342","360","344",185,18450,"2011-02-27 00:00:00+00"
"LHB","355","321","345.75","327",215,25000,"2011-02-28 00:00:00+00"
"LHB","355.5","337","349","355.25",180,20950,"2011-03-01 00:00:00+00"
"LHB","360.25","330","360.25","332",121,12400,"2011-03-02 00:00:00+00"
"LHB","358","325","344","353.75",203,15750,"2011-03-03 00:00:00+00"
"LHB","357","346","346","351.25",128,10800,"2011-03-06 00:00:00+00"
"LHB","380","355","360","374.25",249,23050,"2011-03-07 00:00:00+00"
"LHB","395","370","375","383.5",352,35400,"2011-03-08 00:00:00+00"
"LHB","410","386.5","396.5","405.25",291,35500,"2011-03-09 00:00:00+00"
"LHB","439","405","439","416.75",504,68850,"2011-03-10 00:00:00+00"
"LHB","418","380.5","418","381.75",284,41600,"2011-03-13 00:00:00+00"
"LHB","410","390","390","405.25",213,22050,"2011-03-14 00:00:00+00"
"LHB","407","373","398","376.75",216,26350,"2011-03-15 00:00:00+00"
"LHB","400","370","370","389.75",227,22750,"2011-03-16 00:00:00+00"
"LHB","399","381","399","390.5",192,22150,"2011-03-20 00:00:00+00"
"LHB","400","380","400","383.25",185,19050,"2011-03-21 00:00:00+00"
"LHB","393.75","379","381","383.25",373,44450,"2011-03-22 00:00:00+00"
"LHB","393","375","375","379.5",269,30350,"2011-03-23 00:00:00+00"
"LHB","388","367","377","371.75",170,16950,"2011-03-24 00:00:00+00"
"LHB","381.5","372","373","376.5",159,16950,"2011-03-27 00:00:00+00"
"LHB","399","379.25","386","391.25",331,36500,"2011-03-28 00:00:00+00"
"LHB","425.25","396.5","398","425.25",1101,142850,"2011-03-29 00:00:00+00"
"LHB","459","425.5","445","431.25",779,68100,"2011-03-30 00:00:00+00"
"LHB","446","426.25","426.25","430.75",300,26750,"2011-03-31 00:00:00+00"
"LHB","433.5","412","425","414.75",257,24600,"2011-04-03 00:00:00+00"
"LHB","416","402","416","404.75",347,45400,"2011-04-04 00:00:00+00"
"LHB","410","395","395","403.5",235,25850,"2011-04-05 00:00:00+00"
"LHB","404","390","396.25","400",207,19850,"2011-04-06 00:00:00+00"
"LHB","418.75","402","418.5","406.75",463,46250,"2011-04-07 00:00:00+00"
"LHB","420","385","400","412.25",467,44400,"2011-04-10 00:00:00+00"
"LHB","420","395","410","406.75",398,61950,"2011-04-11 00:00:00+00"
"LHB","415","394","394.25","413.5",230,24750,"2011-04-12 00:00:00+00"
"LHB","412","401","405.5","404.75",265,24300,"2011-04-13 00:00:00+00"
"LHB","419","401.5","404","414",378,40550,"2011-04-17 00:00:00+00"
"LHB","415","405","410","410.5",310,37700,"2011-04-18 00:00:00+00"
"LHB","412.75","397","411","400",343,32750,"2011-04-19 00:00:00+00"
"LHB","407","390.25","399","392.75",374,26950,"2011-04-20 00:00:00+00"
"LHB","399.5","387","396.75","392.75",275,30500,"2011-04-21 00:00:00+00"
"LHB","397.5","385","390.25","391.5",287,28300,"2011-04-24 00:00:00+00"
"LHB","390","377","385.5","378.5",248,37650,"2011-04-25 00:00:00+00"
"LHB","378.25","371","374","373",215,22950,"2011-04-26 00:00:00+00"
"LHB","405","380.25","380.25","400.75",285,31150,"2011-04-28 00:00:00+00"
"LHB","419","396","412","400.25",308,27500,"2011-05-02 00:00:00+00"
"LHB","401","387.5","401","389.5",99,10200,"2011-05-03 00:00:00+00"
"LHB","405","389.5","405","399.75",174,16900,"2011-05-04 00:00:00+00"
"LHB","403","393","394.25","395.75",168,16250,"2011-05-05 00:00:00+00"
"LHB","384.5","376.25","384.5","379.5",182,15400,"2011-05-08 00:00:00+00"
"LHB","395","367.5","371.25","392.75",201,19500,"2011-05-09 00:00:00+00"
"LHB","455","400","400","412",1223,136000,"2011-05-10 00:00:00+00"
"LHB","418.75","399","412.25","407.5",291,24950,"2011-05-11 00:00:00+00"
"LHB","426.75","403.25","409.5","424.25",315,28750,"2011-05-12 00:00:00+00"
"LHB","438","413.5","430","415.75",412,40700,"2011-05-15 00:00:00+00"
"LHB","425","405","415","410.5",230,31600,"2011-05-16 00:00:00+00"
"LHB","418","412.5","415","416.75",174,17800,"2011-05-18 00:00:00+00"
"LHB","439","411.25","411.25","432",550,62750,"2011-05-19 00:00:00+00"
"LHB","434.75","415","416","416.25",280,29350,"2011-05-22 00:00:00+00"
"LHB","424.25","403","424.25","405.25",128,10500,"2011-05-23 00:00:00+00"
"LHB","422","408","421","416.75",236,21900,"2011-05-24 00:00:00+00"
"LHB","417","391","417","398.25",251,26150,"2011-05-25 00:00:00+00"
"LHB","410","394.75","404","408.5",244,25100,"2011-05-26 00:00:00+00"
"LHB","416","401","408.25","403.5",301,25850,"2011-05-29 00:00:00+00"
"LHB","419.75","402","404.25","414.75",294,39950,"2011-05-30 00:00:00+00"
"LHB","420","400","403","404.5",227,24500,"2011-06-01 00:00:00+00"
"LHB","412","406.25","409.5","409.75",127,8250,"2011-06-02 00:00:00+00"
"LHB","416.5","404.5","414","405.5",84,12700,"2011-06-05 00:00:00+00"
"LHB","408","402.5","407","404.5",182,18850,"2011-06-06 00:00:00+00"
"LHB","410.75","403","410","404",161,15250,"2011-06-07 00:00:00+00"
"LHB","414","402","410","404.25",183,16800,"2011-06-08 00:00:00+00"
"LHB","408.75","402.25","402.25","406.5",123,10050,"2011-06-09 00:00:00+00"
"LHB","402","391","400.25","392.25",157,13600,"2011-06-12 00:00:00+00"
"LHB","405","392.25","404","398.25",630,56600,"2011-06-13 00:00:00+00"
"LHB","403.75","392","402.75","393",105,8150,"2011-06-14 00:00:00+00"
"LHB","400.5","395","400","398.5",78,6700,"2011-06-15 00:00:00+00"
"LHB","402","395.5","401","396.25",76,8450,"2011-06-16 00:00:00+00"
"LHB","394.25","388","393.5","390.5",96,10250,"2011-06-19 00:00:00+00"
"LHB","399","391","395","396.5",229,16750,"2011-06-20 00:00:00+00"
"LHB","404","399","400","402.5",86,8050,"2011-06-21 00:00:00+00"
"LHB","437.25","372","372","418",549,60600,"2011-06-22 00:00:00+00"
"LHB","423.5","410.5","422.5","412",232,21650,"2011-06-23 00:00:00+00"
"LHB","440","421","430","431.75",232,27300,"2011-06-26 00:00:00+00"
"LHB","469.25","430","430","465",627,67100,"2011-06-27 00:00:00+00"
"LHB","492","470","475","489",551,66550,"2011-06-28 00:00:00+00"
"LHB","526.5","526.5","526.5","526.5",558,315100,"2011-07-07 00:00:00+00"
"LHB","565.75","565.75","565.75","565.75",1448,720050,"2011-07-10 00:00:00+00"
"LHB","608","602","608","607.75",2872,777900,"2011-07-11 00:00:00+00"
"LHB","619","590.25","610","603.5",1322,156700,"2011-07-12 00:00:00+00"
"LHB","623","591","608","605.5",1124,197700,"2011-07-13 00:00:00+00"
"LHB","627.5","603","604","604.75",848,140850,"2011-07-14 00:00:00+00"
"LHB","625","600","625","602",1207,180850,"2011-07-17 00:00:00+00"
"LHB","611","595","611","597.75",798,112500,"2011-07-19 00:00:00+00"
"LHB","610","595.25","610","597.75",474,61000,"2011-07-20 00:00:00+00"
"LHB","594","576.25","592","578.5",1296,178400,"2011-07-21 00:00:00+00"
"LHB","579.75","553","570","559.5",1495,186900,"2011-07-24 00:00:00+00"
"LHB","575","555","560","557.25",939,170500,"2011-07-25 00:00:00+00"
"LHB","560","535","550","543",1234,160500,"2011-07-26 00:00:00+00"
"LHB","545","520","541","528.75",834,108900,"2011-07-27 00:00:00+00"
"LHB","528","507","520","520",642,81250,"2011-07-28 00:00:00+00"
"LHB","522.5","498.5","515","501.75",1112,230700,"2011-07-31 00:00:00+00"
"LHB","539.25","500","505","523",1825,508900,"2011-08-01 00:00:00+00"
"LHB","562","524","524","561.5",1417,148200,"2011-08-02 00:00:00+00"
"LHB","585","562","562","582",1131,114650,"2011-08-03 00:00:00+00"
"LHB","588.75","567","588.75","572.25",993,100900,"2011-08-04 00:00:00+00"
"LHB","605","569","585","596",1579,167550,"2011-08-07 00:00:00+00"
"LHB","640.5","597.25","600","639.5",2474,331000,"2011-08-08 00:00:00+00"
"LHB","654.75","607","650","611",1832,235050,"2011-08-09 00:00:00+00"
"LHB","617.75","593","610.25","607.75",1684,206400,"2011-08-10 00:00:00+00"
"LHB","620","596","611","599.75",1777,236600,"2011-08-11 00:00:00+00"
"LHB","624.75","606","606","611",2177,281250,"2011-08-14 00:00:00+00"
"LHB","618.25","606","615","611",1170,139600,"2011-08-16 00:00:00+00"
"LHB","609","598","608.25","606.25",1039,141650,"2011-08-17 00:00:00+00"
"LHB","620","610","617","617.75",1252,212600,"2011-08-18 00:00:00+00"
"LHB","628","613","627.5","615.75",1024,101450,"2011-08-21 00:00:00+00"
"LHB","620","614.75","620","618.75",894,119100,"2011-08-23 00:00:00+00"
"LHB","649","625","626","645.75",2763,380400,"2011-08-24 00:00:00+00"
"LHB","659","627","650","630.25",2822,324100,"2011-08-25 00:00:00+00"
"LHB","667","637.25","648","662.75",3011,394500,"2011-09-04 00:00:00+00"
"LHB","682.75","665","666","672.75",2631,350600,"2011-09-05 00:00:00+00"
"LHB","678","639.25","678","640.25",3205,448850,"2011-09-06 00:00:00+00"
"LHB","650","633.75","645","638.75",1615,181050,"2011-09-07 00:00:00+00"
"LHB","669","638","640","652",2127,336700,"2011-09-08 00:00:00+00"
"LHB","684","628.75","664","634.5",4249,511550,"2011-09-11 00:00:00+00"
"LHB","639","610.25","634.5","623.5",1704,205600,"2011-09-12 00:00:00+00"
"LHB","634.75","613","634.75","628.5",1536,196100,"2011-09-13 00:00:00+00"
"LHB","631","614","630","616.5",1169,142650,"2011-09-14 00:00:00+00"
"LHB","624.75","605.75","624.75","609.75",1203,177850,"2011-09-15 00:00:00+00"
"LHB","615","586.5","610","590.25",1321,158050,"2011-09-18 00:00:00+00"
"LHB","606.5","577","590","601.25",1009,109150,"2011-09-19 00:00:00+00"
"LHB","614.75","588.5","609.75","591",1797,210800,"2011-09-20 00:00:00+00"
"LHB","599","560","598.75","562.25",1998,220550,"2011-09-21 00:00:00+00"
"LHB","578","548.5","572","563",2013,240850,"2011-09-22 00:00:00+00"
"LHB","600","556","566.75","590.75",2174,251500,"2011-09-25 00:00:00+00"
"LHB","635","596.25","600","634.75",3405,477650,"2011-09-26 00:00:00+00"
"LHB","646","614","645","617",2997,380200,"2011-09-27 00:00:00+00"
"LHB","630","616","621.75","623.5",2342,259350,"2011-09-28 00:00:00+00"
"LHB","631.5","611","621.25","614",3305,365700,"2011-09-29 00:00:00+00"
"LHB","623.5","601.25","623","603.5",3912,434400,"2011-10-02 00:00:00+00"
"LHB","375","350.25","370","371.75",4343,605200,"2011-10-04 00:00:00+00"
"LHB","383.75","371.75","377","381.25",3736,533800,"2011-10-05 00:00:00+00"
"LHB","384","367.25","383","369.25",2878,398950,"2011-10-09 00:00:00+00"
"LHB","374","358","374","366.25",2788,403350,"2011-10-10 00:00:00+00"
"LHB","365","347","362","351.25",2658,405850,"2011-10-11 00:00:00+00"
"LHB","366.5","338","345.25","363.25",2582,420100,"2011-10-12 00:00:00+00"
"LHB","375.25","365","369","369.75",2974,421500,"2011-10-13 00:00:00+00"
"LHB","378","353.25","378","355.25",1991,274900,"2011-10-16 00:00:00+00"
"LHB","361","347","350","353.25",1701,213300,"2011-10-17 00:00:00+00"
"LHB","346","330","340","343",1266,160700,"2011-10-19 00:00:00+00"
"LHB","353","345","352.5","349",959,140450,"2011-10-20 00:00:00+00"
"LHB","360","339","355","341.75",1206,165950,"2011-10-23 00:00:00+00"
"LHB","346.25","330.5","343","332.25",708,101100,"2011-10-24 00:00:00+00"
"LHB","334","327","332","329.75",937,115850,"2011-10-25 00:00:00+00"
"LHB","330.25","309.25","330.25","317.25",975,133250,"2011-10-26 00:00:00+00"
"LHB","320","304","315.5","311.75",603,69200,"2011-10-27 00:00:00+00"
"LHB","305","285.75","304.25","287",870,123650,"2011-10-30 00:00:00+00"
"LHB","294.75","273","286.5","274.5",1101,151850,"2011-10-31 00:00:00+00"
"LHB","298.5","276","284","294",801,93650,"2011-11-01 00:00:00+00"
"LHB","313","294.5","305","298.25",775,97050,"2011-11-02 00:00:00+00"
"LHB","311","294","294","308.25",749,92100,"2011-11-03 00:00:00+00"
"LHB","304.75","292","301.5","296.5",559,72300,"2011-11-13 00:00:00+00"
"LHB","292.5","276","292.5","287.75",966,128100,"2011-11-14 00:00:00+00"
"LHB","292.25","271","290","273.5",482,62550,"2011-11-15 00:00:00+00"
"LHB","297.25","283.5","283.5","297",501,71000,"2011-11-16 00:00:00+00"
"LHB","322","301","310","310",795,116950,"2011-11-17 00:00:00+00"
"LHB","337","317.5","325","337",1444,230500,"2011-11-20 00:00:00+00"
"LHB","363.25","333","337","359.75",3106,450200,"2011-11-21 00:00:00+00"
"LHB","373","356","363","360.75",3621,516100,"2011-11-22 00:00:00+00"
"LHB","369","331","369","334.5",2773,438250,"2011-11-23 00:00:00+00"
"LHB","343","320","338","332.25",1921,251700,"2011-11-24 00:00:00+00"
"LHB","334","305","333","308.75",1918,245250,"2011-11-27 00:00:00+00"
"LHB","318","282","299.25","312.75",3115,438650,"2011-11-28 00:00:00+00"
"LHB","319","298","308","302.5",2402,320050,"2011-11-29 00:00:00+00"
"LHB","319.75","298","300","313.75",2836,355750,"2011-11-30 00:00:00+00"
"LHB","32.5","28.9","32.5","29.3",1571,1787000,"2011-12-04 00:00:00+00"
"LHB","29.8","27.7","29.8","28.1",1534,1871500,"2011-12-05 00:00:00+00"
"LHB","28","26.6","27.7","27.2",2145,2380500,"2011-12-07 00:00:00+00"
"LHB","28.2","26.2","28","26.4",1231,1642500,"2011-12-08 00:00:00+00"
"LHB","26.3","25","26","25.6",1186,1468000,"2011-12-11 00:00:00+00"
"LHB","26.4","25.1","25.9","26",995,1008000,"2011-12-12 00:00:00+00"
"LHB","27.6","26.2","26.3","27.4",857,1016000,"2011-12-13 00:00:00+00"
"LHB","28.6","26.1","27.9","26.3",952,1073500,"2011-12-14 00:00:00+00"
"LHB","27.6","26.3","27.5","26.7",355,382000,"2011-12-15 00:00:00+00"
"LHB","26.9","26.3","26.4","26.4",417,439000,"2011-12-18 00:00:00+00"
"LHB","26.7","26.3","26.7","26.4",581,791000,"2011-12-19 00:00:00+00"
"LHB","27.2","26.5","26.6","26.6",579,696500,"2011-12-20 00:00:00+00"
"LHB","27","26.4","26.7","26.7",824,1189500,"2011-12-21 00:00:00+00"
"LHB","27.4","26.8","26.9","27.1",903,1104500,"2011-12-22 00:00:00+00"
"LHB","27.4","26.4","26.9","26.5",679,874000,"2011-12-26 00:00:00+00"
"LHB","27.1","26.5","26.8","26.6",763,901500,"2011-12-27 00:00:00+00"
"LHB","27","26.5","26.9","26.6",623,875500,"2011-12-28 00:00:00+00"
"LHB","26.9","26.4","26.8","26.6",929,1176500,"2011-12-29 00:00:00+00"
"LHB","27","26.4","26.7","26.5",845,1171500,"2012-01-01 00:00:00+00"
"LHB","26.8","26","26.7","26.1",760,1077000,"2012-01-02 00:00:00+00"
"LHB","26.5","26.1","26.3","26.2",623,797000,"2012-01-03 00:00:00+00"
"LHB","28.8","26.3","26.5","28.8",1026,1765000,"2012-01-04 00:00:00+00"
"LHB","31.6","30","31.6","30.6",2385,4025000,"2012-01-05 00:00:00+00"
"LHB","31.9","30","30.9","30.1",1228,1749000,"2012-01-08 00:00:00+00"
"LHB","30.3","28.2","30.2","28.5",1085,1351000,"2012-01-09 00:00:00+00"
"LHB","29.3","27.7","29.1","28",809,1096000,"2012-01-10 00:00:00+00"
"LHB","30.8","27.5","27.6","30.5",1573,2550000,"2012-01-11 00:00:00+00"
"LHB","31.1","28.9","31","29",958,1406000,"2012-01-12 00:00:00+00"
"LHB","29.7","28.2","28.8","29.1",595,671500,"2012-01-15 00:00:00+00"
"LHB","28.6","27.5","28.5","28.3",1051,1447000,"2012-01-16 00:00:00+00"
"LHB","28.7","27","27.1","27.4",1092,1697000,"2012-01-18 00:00:00+00"
"LHB","29.7","27.9","28.6","29.2",1197,1948000,"2012-01-19 00:00:00+00"
"LHB","29.8","27.3","29.8","27.5",682,1187000,"2012-01-22 00:00:00+00"
"LHB","28.2","27","27.3","27.9",562,920500,"2012-01-23 00:00:00+00"
"LHB","28.6","26.6","28.2","26.8",679,1035500,"2012-01-24 00:00:00+00"
"LHB","27.7","25.9","26.8","27.1",716,1026500,"2012-01-25 00:00:00+00"
"LHB","27.7","26.7","27.7","26.9",453,613000,"2012-01-26 00:00:00+00"
"LHB","27","25.5","27","25.6",943,1346000,"2012-01-29 00:00:00+00"
"LHB","26.7","25","26","26.5",853,1218000,"2012-01-30 00:00:00+00"
"LHB","27.3","25.2","27","25.5",603,893000,"2012-01-31 00:00:00+00"
"LHB","25.2","23.9","25.1","24.1",1016,1481500,"2012-02-01 00:00:00+00"
"LHB","24.7","23.8","23.8","23.8",599,869500,"2012-02-02 00:00:00+00"
"LHB","24","21.6","23.8","21.8",895,1281500,"2012-02-06 00:00:00+00"
"LHB","23.9","22.1","22.2","23.9",614,906000,"2012-02-07 00:00:00+00"
"LHB","24.5","21.8","24.5","21.9",718,1001500,"2012-02-08 00:00:00+00"
"LHB","24","21.6","21.7","23.9",951,1356500,"2012-02-09 00:00:00+00"
"LHB","25.8","23.6","24.1","25.4",837,1044000,"2012-02-12 00:00:00+00"
"LHB","26.4","25","25.8","25.2",904,1287500,"2012-02-13 00:00:00+00"
"LHB","26","24.2","25","24.9",695,953000,"2012-02-14 00:00:00+00"
"LHB","25.9","24.5","24.5","25.2",514,711000,"2012-02-15 00:00:00+00"
"LHB","25.8","24.7","25.8","24.8",391,453000,"2012-02-16 00:00:00+00"
"LHB","25.1","24","24.5","24.5",522,752500,"2012-02-19 00:00:00+00"
"LHB","25.3","24.8","24.9","25.1",447,721500,"2012-02-20 00:00:00+00"
"LHB","25.6","25","25.2","25.2",413,732000,"2012-02-22 00:00:00+00"
"LHB","26.8","25.6","25.8","26.5",758,1403500,"2012-02-23 00:00:00+00"
"LHB","28.4","27","27.4","28",1100,1620500,"2012-02-26 00:00:00+00"
"LHB","28.9","26.8","28.9","27.5",752,1063500,"2012-02-27 00:00:00+00"
"LHB","28.4","27.2","27.9","27.5",628,1050000,"2012-02-28 00:00:00+00"
"LHB","27.7","26.8","27.5","27.1",613,1053500,"2012-02-29 00:00:00+00"
"LHB","27.5","26.1","27.4","26.2",519,738500,"2012-03-01 00:00:00+00"
"LHB","26.7","25.7","26.2","26.5",470,730000,"2012-03-04 00:00:00+00"
"LHB","27.3","25.5","27.2","25.7",459,660000,"2012-03-05 00:00:00+00"
"LHB","26.4","25.3","25.3","25.7",428,555500,"2012-03-06 00:00:00+00"
"LHB","25.9","25","25.9","25.2",450,789000,"2012-03-07 00:00:00+00"
"LHB","26.2","24.9","25.2","26",448,615000,"2012-03-08 00:00:00+00"
"LHB","26.7","25.9","26.4","25.9",563,659000,"2012-03-11 00:00:00+00"
"LHB","26.6","26","26.3","26.4",304,457000,"2012-03-12 00:00:00+00"
"LHB","28","26.7","26.7","27.4",912,1414500,"2012-03-13 00:00:00+00"
"LHB","28","27","27.9","27.3",471,746000,"2012-03-14 00:00:00+00"
"LHB","28","27.1","27.4","27.3",483,867500,"2012-03-15 00:00:00+00"
"LHB","28.2","27.3","27.8","27.4",768,1559000,"2012-03-18 00:00:00+00"
"LHB","28.1","27.2","27.7","27.9",736,1565000,"2012-03-19 00:00:00+00"
"LHB","28.5","27.2","28.2","27.5",1444,2324500,"2012-03-20 00:00:00+00"
"LHB","27.9","27.4","27.5","27.6",917,1626000,"2012-03-21 00:00:00+00"
"LHB","28","27.5","27.5","27.8",722,1585000,"2012-03-22 00:00:00+00"
"LHB","28.8","27.4","27.4","28.3",1683,4022500,"2012-03-25 00:00:00+00"
"LHB","28.7","27.2","28.7","27.7",1683,3271000,"2012-03-27 00:00:00+00"
"LHB","29.5","26.7","27.2","29.2",3041,5968000,"2012-03-28 00:00:00+00"
"LHB","32.1","28.7","28.7","30.1",2211,3597000,"2012-03-29 00:00:00+00"
"LHB","33.1","30","30","33.1",2366,4510000,"2012-04-01 00:00:00+00"
"LHB","36.4","34","34","35.9",2314,5972500,"2012-04-02 00:00:00+00"
"LHB","37","33.9","36","34.5",1857,2943000,"2012-04-03 00:00:00+00"
"LHB","37","35.1","35.9","35.5",2927,4878000,"2012-04-04 00:00:00+00"
"LHB","37.2","35.3","35.3","36.9",3095,5050000,"2012-04-05 00:00:00+00"
"LHB","38.7","36.9","37.3","37.1",3710,6332000,"2012-04-08 00:00:00+00"
"LHB","37.2","35.6","36.7","36",2436,4197000,"2012-04-09 00:00:00+00"
"LHB","36.4","34.6","36.3","35.9",3544,7099000,"2012-04-10 00:00:00+00"
"LHB","36.6","35.7","36.2","35.8",2187,3813000,"2012-04-11 00:00:00+00"
"LHB","36.2","35","35.4","35.8",1852,4046500,"2012-04-12 00:00:00+00"
"LHB","37.5","36","36.2","37.3",3043,5831000,"2012-04-15 00:00:00+00"
"LHB","41","37.9","37.9","38.3",6755,17233000,"2012-04-16 00:00:00+00"
"LHB","40.3","37","39.7","37.3",2919,5450000,"2012-04-18 00:00:00+00"
"LHB","37.5","36.3","37.1","36.6",1275,1807500,"2012-04-19 00:00:00+00"
"LHB","37.5","35.9","37.4","36.1",1148,1700500,"2012-04-22 00:00:00+00"
"LHB","36.7","35.7","36.5","35.8",964,1654000,"2012-04-23 00:00:00+00"
"LHB","36","35","36","35.1",1059,2057000,"2012-04-24 00:00:00+00"
"LHB","35.6","34.2","35.6","34.5",1111,1627500,"2012-04-25 00:00:00+00"
"LHB","34.9","33.7","34.6","33.9",1122,2305000,"2012-04-26 00:00:00+00"
"LHB","34.5","32.1","34.5","32.7",1103,1627000,"2012-04-29 00:00:00+00"
"LHB","35.5","32.7","33","34.8",923,1865500,"2012-04-30 00:00:00+00"
"LHB","38","35","35","37",1843,3820500,"2012-05-02 00:00:00+00"
"LHB","38","36.2","37.8","36.6",1152,2135500,"2012-05-03 00:00:00+00"
"LHB","37.1","35.9","37","36.4",1024,1903000,"2012-05-07 00:00:00+00"
"LHB","36.9","35.9","36.8","35.9",809,1659000,"2012-05-08 00:00:00+00"
"LHB","36","34.5","36","34.6",1002,1756500,"2012-05-09 00:00:00+00"
"LHB","36.7","34.9","34.9","36.1",743,1582000,"2012-05-10 00:00:00+00"
"LHB","37.2","36.1","36.8","36.2",857,1248500,"2012-05-13 00:00:00+00"
"LHB","36.8","35.9","36.3","36.5",548,776500,"2012-05-14 00:00:00+00"
"LHB","36.8","36.4","36.8","36.5",640,1055000,"2012-05-15 00:00:00+00"
"LHB","37.4","36.3","36.5","36.9",1288,2117000,"2012-05-16 00:00:00+00"
"LHB","38.6","36.7","36.8","38.2",2269,4619500,"2012-05-17 00:00:00+00"
"LHB","39.4","38.5","38.5","38.9",1912,3449000,"2012-05-20 00:00:00+00"
"LHB","39.9","38.9","39","39",2006,3571000,"2012-05-21 00:00:00+00"
"LHB","39.5","37.5","39.5","37.8",1704,2714500,"2012-05-22 00:00:00+00"
"LHB","38.6","37.1","37.7","38.3",1584,3051500,"2012-05-23 00:00:00+00"
"LHB","39.2","38.2","38.2","38.7",1078,1926000,"2012-05-24 00:00:00+00"
"LHB","40.1","38.4","38.9","39.6",2410,4666500,"2012-05-27 00:00:00+00"
"LHB","40.9","39.8","40","39.8",2048,4099500,"2012-05-28 00:00:00+00"
"LHB","40.5","38.1","40.5","38.9",1656,2910500,"2012-05-29 00:00:00+00"
"LHB","39.5","38.9","39.5","39.1",772,1395500,"2012-05-30 00:00:00+00"
"LHB","39.9","39","39.5","39.6",1004,1689000,"2012-05-31 00:00:00+00"
"LHB","41.9","40.2","40.2","41.6",1966,4478000,"2012-06-03 00:00:00+00"
"LHB","42.6","40.1","42","40.3",2230,3675500,"2012-06-04 00:00:00+00"
"LHB","41.8","40.2","40.9","41.6",1413,2494500,"2012-06-05 00:00:00+00"
"LHB","43.6","41.8","42.1","43.5",2494,4993000,"2012-06-06 00:00:00+00"
"LHB","45","43.6","43.7","43.8",3186,5443500,"2012-06-07 00:00:00+00"
"LHB","44.5","42.6","44.5","42.7",1594,2838000,"2012-06-10 00:00:00+00"
"LHB","42.8","40.8","42.5","42.4",1734,3160500,"2012-06-11 00:00:00+00"
"LHB","43.1","41.5","42.3","42.9",1152,1699500,"2012-06-12 00:00:00+00"
"LHB","43.8","42.9","43","43.4",1178,1912000,"2012-06-13 00:00:00+00"
"LHB","43.6","42.2","43","42.3",1610,2550500,"2012-06-14 00:00:00+00"
"LHB","42.3","40.5","42.3","40.6",1735,3057500,"2012-06-17 00:00:00+00"
"LHB","40.2","38.9","40.2","39.8",1753,2789500,"2012-06-18 00:00:00+00"
"LHB","40.7","39.4","39.5","39.7",1065,2248500,"2012-06-19 00:00:00+00"
"LHB","40","39","39.8","39.2",855,1219000,"2012-06-20 00:00:00+00"
"LHB","40.3","39","39.2","39.9",913,1528500,"2012-06-21 00:00:00+00"
"LHB","41.8","38","41.5","38.6",1617,2613500,"2012-06-24 00:00:00+00"
"LHB","39","37.5","38.2","38.4",844,1168500,"2012-06-25 00:00:00+00"
"LHB","40.1","38.8","39","40",807,1202500,"2012-06-26 00:00:00+00"
"LHB","41","39.3","41","40.2",1032,1392000,"2012-06-27 00:00:00+00"
"LHB","40.7","39.7","40.2","39.9",1196,1933000,"2012-06-28 00:00:00+00"
"LHB","40","38.5","39.5","38.5",1163,1763000,"2012-07-02 00:00:00+00"
"LHB","39.1","38.1","38.3","38.5",653,909000,"2012-07-03 00:00:00+00"
"LHB","38.9","38","38.5","38",682,897500,"2012-07-04 00:00:00+00"
"LHB","39.8","37.2","39.8","37.9",798,1025000,"2012-07-05 00:00:00+00"
"LHB","39","37.8","38.8","37.9",533,860000,"2012-07-08 00:00:00+00"
"LHB","38","35.8","38","36.2",1027,1544500,"2012-07-09 00:00:00+00"
"LHB","36.5","32.9","36.5","33.3",1470,2127500,"2012-07-10 00:00:00+00"
"LHB","35.8","31.4","33.6","35",1617,2390500,"2012-07-11 00:00:00+00"
"LHB","36.1","34.2","36","35.4",1084,1458500,"2012-07-12 00:00:00+00"
"LHB","35.6","32.8","35.6","33.1",857,1119500,"2012-07-15 00:00:00+00"
"LHB","33.9","31.8","32.3","33.5",990,1435000,"2012-07-16 00:00:00+00"
"LHB","33.8","32.8","33.6","33.2",649,1021500,"2012-07-17 00:00:00+00"
"LHB","35.2","33.5","33.5","35",934,1617000,"2012-07-18 00:00:00+00"
"LHB","36","34.2","34.5","34.4",978,1275500,"2012-07-19 00:00:00+00"
"LHB","35","33.9","34","34.3",483,556000,"2012-07-22 00:00:00+00"
"LHB","35.2","34","34.7","35",425,568500,"2012-07-23 00:00:00+00"
"LHB","36.7","34.9","35.9","35.3",2018,3073000,"2012-07-24 00:00:00+00"
"LHB","35.7","33.6","35.6","33.7",993,1305500,"2012-07-25 00:00:00+00"
"LHB","34.4","33.6","34","34",686,968500,"2012-07-26 00:00:00+00"
"LHB","34","33","34","33",1017,1505000,"2012-07-29 00:00:00+00"
"LHB","33","32.5","32.8","32.6",569,689000,"2012-07-30 00:00:00+00"
"LHB","32.8","31.9","32.3","32.1",726,964000,"2012-08-01 00:00:00+00"
"LHB","33","32.4","32.6","32.7",370,534000,"2012-08-02 00:00:00+00"
"LHB","33","32.1","32.9","32.2",467,694000,"2012-08-05 00:00:00+00"
"LHB","32.8","32.3","32.3","32.6",336,439500,"2012-08-06 00:00:00+00"
"LHB","34.3","32.7","32.7","33.9",725,929500,"2012-08-07 00:00:00+00"
"LHB","36.6","34.1","35","36.3",1314,1990500,"2012-08-08 00:00:00+00"
"LHB","37.1","34.8","36.3","35.1",827,1235500,"2012-08-12 00:00:00+00"
"LHB","35.5","34.1","35.5","34.2",481,566000,"2012-08-13 00:00:00+00"
"LHB","34.5","33.6","34.5","34",604,905000,"2012-08-14 00:00:00+00"
"LHB","35.3","34.3","34.7","34.7",1116,1868500,"2012-08-26 00:00:00+00"
"LHB","36.9","34.5","35.9","34.5",906,1272000,"2012-08-27 00:00:00+00"
"LHB","35.1","34","34.9","34.3",953,1544500,"2012-08-28 00:00:00+00"
"LHB","36.2","34.4","34.5","35.9",1444,2524500,"2012-08-29 00:00:00+00"
"LHB","36.7","35.1","36.5","35.1",1176,2228000,"2012-08-30 00:00:00+00"
"LHB","36.2","34.6","35.7","34.8",821,1301500,"2012-09-02 00:00:00+00"
"LHB","35.2","34.5","35","34.6",864,1624000,"2012-09-03 00:00:00+00"
"LHB","35.2","34.6","35","34.8",788,1267500,"2012-09-04 00:00:00+00"
"LHB","35","34.1","35","34.1",696,1046000,"2012-09-05 00:00:00+00"
"LHB","34.6","33.5","34.5","33.9",645,1045500,"2012-09-06 00:00:00+00"
"LHB","33.9","33.1","33.7","33.3",795,1272500,"2012-09-09 00:00:00+00"
"LHB","33.9","32.8","33.7","33",1017,1741500,"2012-09-10 00:00:00+00"
"LHB","33.9","32.7","33.2","33.4",983,1643500,"2012-09-11 00:00:00+00"
"LHB","34.5","33.7","33.7","33.8",860,1318000,"2012-09-12 00:00:00+00"
"LHB","34.2","33.6","33.6","33.7",768,1244500,"2012-09-13 00:00:00+00"
"LHB","34.4","33.6","34.4","33.8",1294,2863000,"2012-09-16 00:00:00+00"
"LHB","37","34","34.2","36",1633,2786500,"2012-09-17 00:00:00+00"
"LHB","38.5","36.7","37.2","37.6",1724,2918500,"2012-09-18 00:00:00+00"
"LHB","38.4","35.6","37.2","35.8",1155,1703000,"2012-09-19 00:00:00+00"
"LHB","39.3","34.3","35","38.2",2245,3757500,"2012-09-20 00:00:00+00"
"LHB","42","39.5","41.4","40.8",3117,5600500,"2012-09-23 00:00:00+00"
"LHB","40.8","37.9","40.8","38.5",1317,1793000,"2012-09-24 00:00:00+00"
"LHB","39.7","37.8","39","37.9",1196,2037000,"2012-09-25 00:00:00+00"
"LHB","38.7","35.9","38.1","36.3",1516,2013500,"2012-09-26 00:00:00+00"
"LHB","36.9","36","36","36.2",726,860500,"2012-09-27 00:00:00+00"
"LHB","37.5","35.9","36.3","36.5",829,1073500,"2012-09-30 00:00:00+00"
"LHB","36.8","35.1","36.1","36.5",603,804000,"2012-10-01 00:00:00+00"
"LHB","38.2","36.9","36.9","37.2",673,992000,"2012-10-02 00:00:00+00"
"LHB","38","35.9","37.9","36.2",910,1319500,"2012-10-03 00:00:00+00"
"LHB","37","35.9","36.6","36.4",640,911000,"2012-10-04 00:00:00+00"
"LHB","37","35.8","36.8","36",961,1571500,"2012-10-07 00:00:00+00"
"LHB","36.5","35.6","36.5","35.9",541,916500,"2012-10-08 00:00:00+00"
"LHB","37.4","35.9","37.4","36",516,766000,"2012-10-09 00:00:00+00"
"LHB","36.5","35.5","36.5","35.8",531,789000,"2012-10-10 00:00:00+00"
"LHB","36.4","35.5","35.5","35.6",471,675000,"2012-10-11 00:00:00+00"
"LHB","36.4","35.3","36","35.6",704,1171500,"2012-10-14 00:00:00+00"
"LHB","36.3","35.8","36.3","35.9",470,825000,"2012-10-15 00:00:00+00"
"LHB","36.3","35.7","36","35.9",505,1105500,"2012-10-16 00:00:00+00"
"LHB","36.1","35.8","35.9","35.9",367,698500,"2012-10-17 00:00:00+00"
"LHB","37.9","36","36.1","37.5",978,1286000,"2012-10-18 00:00:00+00"
"LHB","40","36.4","39.9","36.6",963,1381000,"2012-10-21 00:00:00+00"
"LHB","36.9","36","36.6","36.6",475,690000,"2012-10-22 00:00:00+00"
"LHB","37.2","36","37.1","36.1",498,867000,"2012-10-23 00:00:00+00"
"LHB","36.6","35.5","36.6","35.6",299,400000,"2012-10-30 00:00:00+00"
"LHB","35.9","35.2","35.6","35.3",374,489500,"2012-10-31 00:00:00+00"
"LHB","35.6","35.1","35.6","35.2",323,414500,"2012-11-01 00:00:00+00"
"LHB","35.5","34.2","35.3","34.4",500,711500,"2012-11-04 00:00:00+00"
"LHB","34.8","33.9","34.6","34.1",476,669000,"2012-11-05 00:00:00+00"
"LHB","35.2","34","34.2","34.1",315,656000,"2012-11-06 00:00:00+00"
"LHB","34.5","33.8","34.5","33.8",386,686000,"2012-11-07 00:00:00+00"
"LHB","34.1","33.6","33.7","33.7",369,555500,"2012-11-08 00:00:00+00"
"LHB","34","32.8","33","32.9",569,956000,"2012-11-11 00:00:00+00"
"LHB","33.6","32.6","32.6","32.9",314,460000,"2012-11-12 00:00:00+00"
"LHB","34.5","32.8","32.8","33.9",226,331500,"2012-11-13 00:00:00+00"
"LHB","34.6","33.5","34.1","33.8",311,566500,"2012-11-14 00:00:00+00"
"LHB","34.5","33.9","34","34.3",314,574000,"2012-11-15 00:00:00+00"
"LHB","34.5","33.8","34.5","33.9",235,412000,"2012-11-18 00:00:00+00"
"LHB","33.8","33","33.4","33.2",301,544000,"2012-11-19 00:00:00+00"
"LHB","34","32.8","34","32.9",312,601000,"2012-11-20 00:00:00+00"
"LHB","33.5","32.7","33.3","32.8",297,481000,"2012-11-21 00:00:00+00"
"LHB","33","32.6","32.9","32.8",242,439000,"2012-11-22 00:00:00+00"
"LHB","32.9","31.4","32.7","31.5",481,641000,"2012-11-26 00:00:00+00"
"LHB","31.8","30.8","31.3","31",394,684000,"2012-11-27 00:00:00+00"
"LHB","31.7","30.3","31.4","30.7",262,430000,"2012-11-28 00:00:00+00"
"LHB","33.2","31.2","32","33",391,606500,"2012-11-29 00:00:00+00"
"LHB","34","32.6","33.4","32.7",305,426500,"2012-12-02 00:00:00+00"
"LHB","32.6","32.1","32.5","32.1",257,439500,"2012-12-03 00:00:00+00"
"LHB","32.2","31.5","32","32.1",258,380500,"2012-12-04 00:00:00+00"
"LHB","33.2","31.9","32.1","32.9",350,587000,"2012-12-05 00:00:00+00"
"LHB","33","32","32.5","32.4",265,388500,"2012-12-06 00:00:00+00"
"LHB","32.2","31.5","32.1","31.6",243,595500,"2012-12-09 00:00:00+00"
"LHB","31.9","31.4","31.7","31.5",210,410000,"2012-12-10 00:00:00+00"
"LHB","32.1","31.4","31.6","32",189,323000,"2012-12-11 00:00:00+00"
"LHB","32.3","31.8","32","31.8",198,318500,"2012-12-12 00:00:00+00"
"LHB","33.5","31.9","32","33",271,412500,"2012-12-13 00:00:00+00"
"LHB","34.1","33","33.1","33.8",359,558000,"2012-12-17 00:00:00+00"
"LHB","33.7","33.1","33.5","33.2",208,303500,"2012-12-18 00:00:00+00"
"LHB","33.7","33.4","33.4","33.5",175,290500,"2012-12-19 00:00:00+00"
"LHB","34.1","33.3","33.8","33.3",224,281500,"2012-12-20 00:00:00+00"
"LHB","33.2","32.8","33.1","32.8",151,152000,"2012-12-23 00:00:00+00"
"LHB","33","32.7","32.8","32.7",174,267000,"2012-12-24 00:00:00+00"
"LHB","32.9","32.7","32.8","32.7",166,223500,"2012-12-26 00:00:00+00"
"LHB","33.4","32.6","32.8","32.7",280,394500,"2012-12-27 00:00:00+00"
"LHB","33.2","32.8","33","32.9",292,516500,"2012-12-30 00:00:00+00"
"LHB","33.6","33.2","33.3","33.2",265,453500,"2013-01-01 00:00:00+00"
"LHB","33.2","32.7","33.1","32.8",161,212000,"2013-01-02 00:00:00+00"
"LHB","33.3","32.9","33","33",165,223500,"2013-01-03 00:00:00+00"
"LHB","34.2","33","33","33.8",351,631500,"2013-01-06 00:00:00+00"
"LHB","35.3","33.6","33.9","35",1274,1654500,"2013-01-07 00:00:00+00"
"LHB","35.7","34.6","35.1","34.9",582,637000,"2013-01-08 00:00:00+00"
"LHB","35.1","34.4","35","34.6",321,516000,"2013-01-09 00:00:00+00"
"LHB","35.4","34.5","35","35.2",375,495500,"2013-01-10 00:00:00+00"
"LHB","35.4","34.9","35.2","34.9",337,617000,"2013-01-13 00:00:00+00"
"LHB","35","34.4","35","34.6",273,504500,"2013-01-14 00:00:00+00"
"LHB","34.7","34.2","34.7","34.4",237,380000,"2013-01-15 00:00:00+00"
"LHB","34.5","34.2","34.5","34.3",185,373500,"2013-01-16 00:00:00+00"
"LHB","34.7","34.2","34.4","34.3",226,529500,"2013-01-17 00:00:00+00"
"LHB","34.5","34.2","34.5","34.2",317,590500,"2013-01-20 00:00:00+00"
"LHB","34.2","33.8","34.2","33.8",247,494000,"2013-01-21 00:00:00+00"
"LHB","34.4","33.8","33.9","34.1",324,691500,"2013-01-22 00:00:00+00"
"LHB","35","34.2","34.9","34.4",253,329500,"2013-01-23 00:00:00+00"
"LHB","34.8","34.4","34.8","34.4",235,345000,"2013-01-24 00:00:00+00"
"LHB","35.2","34.3","34.4","35",332,449500,"2013-01-27 00:00:00+00"
"LHB","35.5","34.8","35","35.4",316,455000,"2013-01-28 00:00:00+00"
"LHB","36.5","35.8","35.8","36.2",515,873000,"2013-01-29 00:00:00+00"
"LHB","36.6","35.6","36.5","35.6",413,722000,"2013-01-30 00:00:00+00"
"LHB","35.7","35.3","35.7","35.4",245,358000,"2013-01-31 00:00:00+00"
"LHB","35.4","35","35","35.2",406,535000,"2013-02-03 00:00:00+00"
"LHB","35.3","34.7","35.3","34.8",290,510500,"2013-02-04 00:00:00+00"
"LHB","35.3","34.7","34.8","35.1",191,322000,"2013-02-05 00:00:00+00"
"LHB","35.5","35","35.2","35",286,516500,"2013-02-06 00:00:00+00"
"LHB","35.3","34.8","35.3","35",333,438000,"2013-02-07 00:00:00+00"
"LHB","35.5","35.1","35.1","35.4",365,672500,"2013-02-10 00:00:00+00"
"LHB","36","35.3","35.6","35.3",445,670500,"2013-02-11 00:00:00+00"
"LHB","35.5","34.8","35.4","34.8",456,806000,"2013-02-12 00:00:00+00"
"LHB","35","34.1","34.8","34.3",445,864000,"2013-02-13 00:00:00+00"
"LHB","34.9","34.2","34.8","34.2",645,1362000,"2013-02-14 00:00:00+00"
"LHB","34.9","34.1","34.6","34.2",572,973500,"2013-02-17 00:00:00+00"
"LHB","34.5","34","34.3","34",469,730000,"2013-02-18 00:00:00+00"
"LHB","34.3","33.8","34.3","33.9",274,504000,"2013-02-19 00:00:00+00"
"LHB","34","33.5","34","33.6",368,458500,"2013-02-20 00:00:00+00"
"LHB","33.9","33.3","33.5","33.3",248,256000,"2013-02-24 00:00:00+00"
"LHB","33.8","32.5","33.4","32.8",272,317000,"2013-02-25 00:00:00+00"
"LHB","33.6","33","33","33.4",147,242500,"2013-02-26 00:00:00+00"
"LHB","34.6","32.7","33.2","33",458,837000,"2013-02-27 00:00:00+00"
"LHB","33.5","32.9","33.4","33.1",157,222000,"2013-02-28 00:00:00+00"
"LHB","34","32.2","33.9","32.3",720,961500,"2013-03-03 00:00:00+00"
"LHB","33.8","32.8","32.8","33.1",273,280500,"2013-03-04 00:00:00+00"
"LHB","33.6","32.7","33.6","32.8",280,454000,"2013-03-05 00:00:00+00"
"LHB","33.4","32.7","33.4","32.8",209,340000,"2013-03-06 00:00:00+00"
"LHB","33","32.6","32.9","32.7",263,333500,"2013-03-07 00:00:00+00"
"LHB","33","32","33","32.1",313,529500,"2013-03-10 00:00:00+00"
"LHB","32.4","31.7","32.4","31.9",362,538000,"2013-03-11 00:00:00+00"
"LHB","32.3","31.3","31.3","32",176,276500,"2013-03-12 00:00:00+00"
"LHB","32.5","32.1","32.2","32.2",206,330000,"2013-03-13 00:00:00+00"
"LHB","33","30.8","33","31.2",404,528500,"2013-03-14 00:00:00+00"
"LHB","32.2","30","31","31.9",1281,2036500,"2013-03-18 00:00:00+00"
"LHB","33.8","31.9","31.9","33.4",807,1261000,"2013-03-19 00:00:00+00"
"LHB","34.3","32.8","33.3","32.9",505,655500,"2013-03-20 00:00:00+00"
"LHB","33.8","31.5","33.8","31.6",394,678500,"2013-03-24 00:00:00+00"
"LHB","32.8","31.5","32.5","31.5",264,459500,"2013-03-25 00:00:00+00"
"LHB","31.9","30.7","31.6","30.8",593,1124500,"2013-03-27 00:00:00+00"
"LHB","31.4","30.8","30.8","31",594,1057000,"2013-03-28 00:00:00+00"
"LHB","31","29.9","30.9","30",721,1641000,"2013-03-31 00:00:00+00"
"LHB","29.9","28.6","29.6","28.7",829,1988500,"2013-04-01 00:00:00+00"
"LHB","29.6","28.4","28.9","29.3",647,1330000,"2013-04-02 00:00:00+00"
"LHB","30.1","29","29","29.8",683,1486000,"2013-04-03 00:00:00+00"
"LHB","30","29.2","29.3","29.9",926,1804000,"2013-04-04 00:00:00+00"
"LHB","31","30.1","30.6","30.3",821,1347000,"2013-04-07 00:00:00+00"
"LHB","30.4","29.9","30.1","30",985,2092500,"2013-04-08 00:00:00+00"
"LHB","31.4","30","30.7","30.1",486,700000,"2013-04-10 00:00:00+00"
"LHB","30.3","29.7","30","29.8",267,405500,"2013-04-11 00:00:00+00"
"LHB","30.3","29.7","30","30.1",332,584500,"2013-04-15 00:00:00+00"
"LHB","30.5","29.2","30.3","29.3",457,761000,"2013-04-16 00:00:00+00"
"LHB","30","29.3","29.8","29.6",213,331500,"2013-04-17 00:00:00+00"
"LHB","30","29.5","29.9","29.6",250,411000,"2013-04-18 00:00:00+00"
"LHB","29.8","29.1","29.8","29.2",238,378000,"2013-04-21 00:00:00+00"
"LHB","29.5","29","29.3","29",218,327000,"2013-04-22 00:00:00+00"
"LHB","29.7","28.7","28.7","29",143,212000,"2013-04-23 00:00:00+00"
"LHB","29.2","28.9","29","29",200,316000,"2013-04-24 00:00:00+00"
"LHB","30","29.4","30","29.7",371,804500,"2013-04-25 00:00:00+00"
"LHB","29.8","28.9","29.8","29",288,660000,"2013-04-28 00:00:00+00"
"LHB","29.1","28.8","29.1","29",277,799500,"2013-04-29 00:00:00+00"
"LHB","29.2","28.7","28.8","29",250,582500,"2013-04-30 00:00:00+00"
"LHB","29.6","28.8","28.8","29.4",237,608000,"2013-05-02 00:00:00+00"
"LHB","29.5","28.9","29.3","29.1",149,297500,"2013-05-05 00:00:00+00"
"LHB","29.1","28.8","29","28.9",110,207500,"2013-05-06 00:00:00+00"
"LHB","29.3","29","29","29",170,322000,"2013-05-07 00:00:00+00"
"LHB","29.4","28.8","29.2","28.8",230,438000,"2013-05-08 00:00:00+00"
"LHB","29.5","28.8","29.5","29",134,279000,"2013-05-09 00:00:00+00"
"LHB","29.7","29.2","29.2","29.6",248,380500,"2013-05-12 00:00:00+00"
"LHB","30","29.4","29.8","29.7",274,520000,"2013-05-13 00:00:00+00"
"LHB","31","30","30","30.9",458,636000,"2013-05-14 00:00:00+00"
"LHB","31.3","30.7","31.3","30.8",607,962000,"2013-05-15 00:00:00+00"
"LHB","31.3","30.6","30.6","31.1",298,525500,"2013-05-16 00:00:00+00"
"LHB","31.7","31.1","31.3","31.4",449,727500,"2013-05-19 00:00:00+00"
"LHB","32.5","31.5","31.8","32.3",603,1125500,"2013-05-20 00:00:00+00"
"LHB","32.7","31.6","32.5","31.8",397,650000,"2013-05-21 00:00:00+00"
"LHB","32","31.2","31.8","31.2",278,647000,"2013-05-22 00:00:00+00"
"LHB","31.5","30.5","31.2","30.5",192,227500,"2013-05-26 00:00:00+00"
"LHB","31.2","30.8","30.8","30.9",165,311000,"2013-05-27 00:00:00+00"
"LHB","31.7","31.1","31.4","31.3",254,607500,"2013-05-28 00:00:00+00"
"LHB","32.4","31.4","31.4","31.7",345,634000,"2013-05-29 00:00:00+00"
"LHB","32.3","31.8","32","31.8",323,700500,"2013-05-30 00:00:00+00"
"LHB","32.2","31.8","32","32",478,1278500,"2013-06-02 00:00:00+00"
"LHB","32.9","32","32.3","32.8",598,1518000,"2013-06-03 00:00:00+00"
"LHB","33.7","33","33","33.2",526,1519500,"2013-06-04 00:00:00+00"
"LHB","33.5","32.8","33.2","33.4",423,1095500,"2013-06-05 00:00:00+00"
"LHB","34.4","33.5","33.8","33.7",624,1508000,"2013-06-06 00:00:00+00"
"LHB","34","32.6","32.9","32.7",539,854500,"2013-06-09 00:00:00+00"
"LHB","34.1","32.8","32.8","34",540,1454000,"2013-06-10 00:00:00+00"
"LHB","35.1","34.1","34.3","34.7",698,1540500,"2013-06-11 00:00:00+00"
"LHB","35.8","34.9","35","35",530,1046000,"2013-06-12 00:00:00+00"
"LHB","35.5","34.6","35","34.7",476,1018500,"2013-06-13 00:00:00+00"
"LHB","35.3","34.8","35","35",523,1267500,"2013-06-16 00:00:00+00"
"LHB","35.5","34.7","35.5","34.8",663,1980000,"2013-06-17 00:00:00+00"
"LHB","35.1","34.6","34.9","34.9",380,830500,"2013-06-18 00:00:00+00"
"LHB","35.2","34.8","35","34.9",469,1088500,"2013-06-19 00:00:00+00"
"LHB","35","34.5","35","34.6",425,1130500,"2013-06-20 00:00:00+00"
"LHB","34.8","33.9","34.6","34",471,1223500,"2013-06-23 00:00:00+00"
"LHB","34","33.5","34","33.7",427,988000,"2013-06-24 00:00:00+00"
"LHB","34.1","33.5","33.5","33.9",395,1032000,"2013-06-26 00:00:00+00"
"LHB","34.1","33.6","34","33.7",448,1205000,"2013-06-27 00:00:00+00"
"LHB","34","32.6","33.3","32.8",622,2088500,"2013-06-30 00:00:00+00"
"LHB","33.8","32.5","33.4","33.5",585,1188000,"2013-07-02 00:00:00+00"
"LHB","34.2","32.6","34.2","32.8",577,1584000,"2013-07-03 00:00:00+00"
"LHB","33.7","32.8","33","33.4",497,915500,"2013-07-04 00:00:00+00"
"LHB","33.6","33","33.4","33.2",433,1092000,"2013-07-07 00:00:00+00"
"LHB","33.3","32.9","33.3","32.9",491,1010000,"2013-07-08 00:00:00+00"
"LHB","36.1","32.9","33.3","35.2",1004,2714500,"2013-07-09 00:00:00+00"
"LHB","36","34.8","36","34.9",587,1136500,"2013-07-10 00:00:00+00"
"LHB","35.3","34.7","34.8","34.7",398,717000,"2013-07-11 00:00:00+00"
"LHB","35","33.4","35","33.6",347,715000,"2013-07-14 00:00:00+00"
"LHB","34.3","33.5","33.5","33.9",312,688000,"2013-07-15 00:00:00+00"
"LHB","34.3","33.6","34.3","33.7",397,1016500,"2013-07-16 00:00:00+00"
"LHB","33.9","33","33.9","33.1",334,1064000,"2013-07-17 00:00:00+00"
"LHB","33.5","33","33.4","33.1",305,489500,"2013-07-18 00:00:00+00"
"LHB","33","32.6","32.8","32.6",374,656000,"2013-07-21 00:00:00+00"
"LHB","32.6","32.3","32.5","32.4",289,628500,"2013-07-22 00:00:00+00"
"LHB","32.7","31.8","32.5","31.9",317,765500,"2013-07-23 00:00:00+00"
"LHB","34","32","32.4","32.3",452,715500,"2013-07-24 00:00:00+00"
"LHB","32.9","31.7","32.6","31.8",451,1147000,"2013-07-25 00:00:00+00"
"LHB","32.3","31.5","32.3","31.6",175,329500,"2013-07-28 00:00:00+00"
"LHB","32.1","31.4","31.6","31.5",261,397000,"2013-07-29 00:00:00+00"
"LHB","31.7","31","31.7","31.1",311,567500,"2013-07-30 00:00:00+00"
"LHB","31.5","31.1","31.4","31.1",293,744000,"2013-07-31 00:00:00+00"
"LHB","31.3","30.9","31.3","31.1",218,368000,"2013-08-01 00:00:00+00"
"LHB","31.9","31","31","31.6",281,506000,"2013-08-04 00:00:00+00"
"LHB","32.5","31.5","32","31.9",355,511500,"2013-08-05 00:00:00+00"
"LHB","32","31.8","31.8","31.8",116,165000,"2013-08-12 00:00:00+00"
"LHB","32","31.7","31.8","31.8",196,306000,"2013-08-13 00:00:00+00"
"LHB","31.9","31.4","31.9","31.6",232,294500,"2013-08-14 00:00:00+00"
"LHB","32.2","31.8","32.2","31.8",314,662500,"2013-08-18 00:00:00+00"
"LHB","32.3","31.8","31.9","32.1",269,877000,"2013-08-19 00:00:00+00"
"LHB","32.7","32.1","32.4","32.2",310,622000,"2013-08-20 00:00:00+00"
"LHB","32.6","32.2","32.5","32.3",259,544500,"2013-08-21 00:00:00+00"
"LHB","32.5","32","32","32.3",220,402000,"2013-08-22 00:00:00+00"
"LHB","33.8","32.4","32.8","33",392,724000,"2013-08-25 00:00:00+00"
"LHB","33.9","33","33.9","33.5",431,820500,"2013-08-26 00:00:00+00"
"LHB","34.6","33.4","33.4","34.3",874,1501500,"2013-08-27 00:00:00+00"
"LHB","36.1","33.9","34.4","35.5",1966,3997000,"2013-08-29 00:00:00+00"
"LHB","36.4","35.6","35.9","35.7",1368,2023500,"2013-09-01 00:00:00+00"
"LHB","36.2","34.5","36","34.5",490,803500,"2013-09-02 00:00:00+00"
"LHB","34.7","33.4","33.4","34.4",230,534500,"2013-09-03 00:00:00+00"
"LHB","35.6","34.6","35","34.9",363,835000,"2013-09-04 00:00:00+00"
"LHB","35.2","34.4","35.1","34.8",302,660500,"2013-09-05 00:00:00+00"
"LHB","35.2","33.9","35.2","33.9",248,567500,"2013-09-08 00:00:00+00"
"LHB","34.3","33.9","33.9","34",253,452500,"2013-09-09 00:00:00+00"
"LHB","34.2","34","34.2","34",263,454500,"2013-09-10 00:00:00+00"
"LHB","35.2","34","34.5","35",475,1150500,"2013-09-11 00:00:00+00"
"LHB","36","34.3","34.3","35.6",811,1925500,"2013-09-12 00:00:00+00"
"LHB","36","35.3","35.3","35.9",422,811000,"2013-09-15 00:00:00+00"
"LHB","36.1","35.6","36","35.8",465,1005500,"2013-09-16 00:00:00+00"
"LHB","35.8","34.9","35.2","35",317,628000,"2013-09-17 00:00:00+00"
"LHB","35","34.5","35","34.5",305,702500,"2013-09-18 00:00:00+00"
"LHB","34.6","34.2","34.6","34.3",276,534500,"2013-09-19 00:00:00+00"
"LHB","34.4","33.7","34.3","33.7",418,871500,"2013-09-22 00:00:00+00"
"LHB","34","33.4","33.7","33.4",299,786500,"2013-09-23 00:00:00+00"
"LHB","34","33.6","33.8","33.8",200,785500,"2013-09-24 00:00:00+00"
"LHB","34","33.7","34","33.7",152,372500,"2013-09-25 00:00:00+00"
"LHB","33.7","33.2","33.7","33.3",268,426500,"2013-09-26 00:00:00+00"
"LHB","33.5","33.1","33.3","33.1",192,300000,"2013-09-29 00:00:00+00"
"LHB","33.9","33.1","33.9","33.2",157,321500,"2013-09-30 00:00:00+00"
"LHB","33.4","33.1","33.1","33.2",127,260500,"2013-10-01 00:00:00+00"
"LHB","34.5","33.3","33.5","33.8",135,668000,"2013-10-02 00:00:00+00"
"LHB","34","33.6","33.6","33.7",109,215500,"2013-10-03 00:00:00+00"
"LHB","33.9","33.4","33.5","33.6",261,542000,"2013-10-06 00:00:00+00"
"LHB","33.8","33.6","33.7","33.7",210,429500,"2013-10-07 00:00:00+00"
"LHB","33.8","33","33.8","33.1",317,630000,"2013-10-08 00:00:00+00"
"LHB","33.5","33","33.1","33.3",233,776500,"2013-10-09 00:00:00+00"
"LHB","33.7","33.2","33.6","33.3",247,416500,"2013-10-10 00:00:00+00"
"LHB","33.6","32.9","33.3","33.1",206,337500,"2013-10-20 00:00:00+00"
"LHB","33.2","32.2","33.2","32.9",391,960000,"2013-10-21 00:00:00+00"
"LHB","33.4","33.1","33.2","33.1",139,242000,"2013-10-22 00:00:00+00"
"LHB","33.3","33","33","33",170,249500,"2013-10-23 00:00:00+00"
"LHB","32.6","31.5","32.5","31.6",420,775500,"2013-10-24 00:00:00+00"
"LHB","32","31.5","31.9","31.6",175,366000,"2013-10-27 00:00:00+00"
"LHB","32","31.1","32","31.5",363,615000,"2013-10-28 00:00:00+00"
"LHB","31.7","31.2","31.3","31.2",184,450000,"2013-10-29 00:00:00+00"
"LHB","31.6","31.1","31.5","31.1",271,617500,"2013-10-30 00:00:00+00"
"LHB","31.3","30.8","31.2","30.9",303,553000,"2013-10-31 00:00:00+00"
"LHB","31.2","30.9","31","31",205,434500,"2013-11-03 00:00:00+00"
"LHB","31.6","31","31.6","31.2",236,686000,"2013-11-04 00:00:00+00"
"LHB","31.7","31.1","31.4","31.1",286,518500,"2013-11-05 00:00:00+00"
"LHB","31.4","31.2","31.4","31.3",113,219500,"2013-11-06 00:00:00+00"
"LHB","32","31.3","31.3","31.8",234,494000,"2013-11-07 00:00:00+00"
"LHB","31.9","31.2","31.9","31.3",265,586500,"2013-11-10 00:00:00+00"
"LHB","31.4","31.2","31.4","31.3",179,253500,"2013-11-11 00:00:00+00"
"LHB","31.5","31.1","31.3","31.1",227,428500,"2013-11-12 00:00:00+00"
"LHB","31.8","31.1","31.2","31.2",218,392500,"2013-11-13 00:00:00+00"
"LHB","31.5","31.2","31.5","31.2",201,331000,"2013-11-14 00:00:00+00"
"LHB","31.5","31.2","31.4","31.3",202,768500,"2013-11-17 00:00:00+00"
"LHB","31.7","31.4","31.4","31.5",183,280000,"2013-11-18 00:00:00+00"
"LHB","32.2","31.5","31.5","32.1",330,654500,"2013-11-19 00:00:00+00"
"LHB","32.9","32","32.5","32.4",413,703500,"2013-11-20 00:00:00+00"
"LHB","32.7","32","32.5","32.2",291,415000,"2013-11-21 00:00:00+00"
"LHB","32.4","31.7","32.3","31.7",252,427000,"2013-11-24 00:00:00+00"
"LHB","34","32","32.7","32.5",396,904000,"2013-11-25 00:00:00+00"
"LHB","33","32.5","32.8","32.6",250,394500,"2013-11-26 00:00:00+00"
"LHB","33","32.3","32.8","32.4",163,349000,"2013-11-27 00:00:00+00"
"LHB","33","32.1","32.4","32.6",434,1158500,"2013-11-28 00:00:00+00"
"LHB","32.6","32.2","32.5","32.5",246,587500,"2013-12-01 00:00:00+00"
"LHB","33.5","32.5","32.8","33",383,668500,"2013-12-02 00:00:00+00"
"LHB","33.5","32.9","32.9","33.4",294,494500,"2013-12-03 00:00:00+00"
"LHB","33.8","33.2","33.6","33.5",258,562500,"2013-12-04 00:00:00+00"
"LHB","33.5","32.8","33.5","32.9",251,629000,"2013-12-05 00:00:00+00"
"LHB","33.2","32.9","33.1","32.9",169,271500,"2013-12-08 00:00:00+00"
"LHB","33.2","32.7","33.1","32.7",206,459000,"2013-12-09 00:00:00+00"
"LHB","33","32.7","32.7","32.9",242,664000,"2013-12-10 00:00:00+00"
"LHB","33","32.6","32.8","32.7",231,518500,"2013-12-11 00:00:00+00"
"LHB","33.4","32.3","33.3","32.3",280,629500,"2013-12-12 00:00:00+00"
"LHB","32.5","31.9","32.5","32.2",256,617500,"2013-12-15 00:00:00+00"
"LHB","32.6","31.8","32.3","31.8",238,469500,"2013-12-17 00:00:00+00"
"LHB","32","31.7","32","31.8",237,392500,"2013-12-18 00:00:00+00"
"LHB","31.9","31.6","31.8","31.7",152,229000,"2013-12-19 00:00:00+00"
"LHB","31.7","31.5","31.6","31.5",247,600000,"2013-12-22 00:00:00+00"
"LHB","31.7","31.5","31.7","31.5",143,216500,"2013-12-23 00:00:00+00"
"LHB","31.7","31.3","31.5","31.4",132,248000,"2013-12-24 00:00:00+00"
"LHB","31.6","31","31.4","31.3",154,455500,"2013-12-26 00:00:00+00"
"LHB","33.4","31.2","31.5","33.1",418,1361500,"2013-12-29 00:00:00+00"
"LHB","34.2","33","33.8","33.5",538,1388000,"2013-12-30 00:00:00+00"
"LHB","34.1","33.4","33.5","33.7",463,923000,"2014-01-01 00:00:00+00"
"LHB","34","33.1","34","33.2",232,400500,"2014-01-02 00:00:00+00"
"LHB","33.7","32.5","33.5","32.8",373,526500,"2014-01-06 00:00:00+00"
"LHB","33.5","32.4","33.5","32.5",316,497000,"2014-01-07 00:00:00+00"
"LHB","33","32.6","32.8","32.8",245,449500,"2014-01-08 00:00:00+00"
"LHB","33.1","32.7","33","32.9",201,339000,"2014-01-09 00:00:00+00"
"LHB","33.1","32.8","32.9","32.8",259,595000,"2014-01-12 00:00:00+00"
"LHB","34.4","32.9","32.9","34",587,1130000,"2014-01-13 00:00:00+00"
"LHB","37.4","34.2","34.2","37.3",2420,6646000,"2014-01-15 00:00:00+00"
"LHB","39.4","36.7","39.4","37.1",1217,2579000,"2014-01-16 00:00:00+00"
"LHB","37.7","36.8","37.6","37.2",772,1497500,"2014-01-19 00:00:00+00"
"LHB","38","37.2","37.2","37.5",793,1942500,"2014-01-20 00:00:00+00"
"LHB","39.6","37.2","37.2","39.1",1289,3007000,"2014-01-21 00:00:00+00"
"LHB","40.5","39.7","40","40.3",1472,3145500,"2014-01-22 00:00:00+00"
"LHB","42.3","40.6","40.8","42",1576,3530000,"2014-01-23 00:00:00+00"
"LHB","45.5","42","43.5","43.9",1756,3858500,"2014-01-26 00:00:00+00"
"LHB","44.5","41.2","44","42.5",1104,1824000,"2014-01-27 00:00:00+00"
"LHB","42.8","39.8","42.8","40.1",1392,2499500,"2014-01-28 00:00:00+00"
"LHB","41.5","40.1","40.1","40.8",723,1139000,"2014-01-29 00:00:00+00"
"LHB","41.4","39.7","40.5","39.9",784,1572000,"2014-01-30 00:00:00+00"
"LHB","42.3","40.1","40.1","41.9",1094,1905000,"2014-02-02 00:00:00+00"
"LHB","42.4","41.7","42.2","42.1",582,1040000,"2014-02-03 00:00:00+00"
"LHB","43.7","42.5","42.5","43.2",844,1699000,"2014-02-04 00:00:00+00"
"LHB","44.4","43","43","43.4",1067,2206000,"2014-02-05 00:00:00+00"
"LHB","44.2","42.6","43.5","42.8",860,1942500,"2014-02-06 00:00:00+00"
"LHB","43","41.7","43","41.7",641,1179500,"2014-02-09 00:00:00+00"
"LHB","42.9","41.4","41.4","41.5",560,959000,"2014-02-10 00:00:00+00"
"LHB","41.8","40.7","41.8","40.9",421,749000,"2014-02-11 00:00:00+00"
"LHB","41.1","40.3","40.9","40.5",527,836000,"2014-02-12 00:00:00+00"
"LHB","40.7","38.9","40.6","39.2",764,1586000,"2014-02-13 00:00:00+00"
"LHB","39.8","38","39.3","38.1",524,754500,"2014-02-16 00:00:00+00"
"LHB","38.5","38","38.3","38.1",522,740000,"2014-02-17 00:00:00+00"
"LHB","38.9","38.1","38.3","38.7",392,690000,"2014-02-18 00:00:00+00"
"LHB","41.4","39","39","41.1",782,1700000,"2014-02-19 00:00:00+00"
"LHB","42","40.9","42","41.4",834,1653500,"2014-02-20 00:00:00+00"
"LHB","42.8","40.5","41.8","41.3",1404,2135000,"2014-02-23 00:00:00+00"
"LHB","41.5","38.5","41.5","38.9",1328,2258000,"2014-02-24 00:00:00+00"
"LHB","39.2","37.8","39.2","37.9",832,1317000,"2014-02-25 00:00:00+00"
"LHB","39.5","37.5","38","39.2",815,1474500,"2014-02-26 00:00:00+00"
"LHB","42.2","40.1","40.9","40.5",1209,2443000,"2014-02-27 00:00:00+00"
"LHB","41.8","38.6","41.7","39.1",860,2363500,"2014-03-02 00:00:00+00"
"LHB","39.5","38.4","39.5","38.5",783,2029500,"2014-03-03 00:00:00+00"
"LHB","42.2","38.1","38.1","41.6",2810,5728500,"2014-03-04 00:00:00+00"
"LHB","43.7","41.6","41.6","42.9",2022,5240500,"2014-03-05 00:00:00+00"
"LHB","43.9","42.2","43.3","43",1462,3647000,"2014-03-06 00:00:00+00"
"LHB","47.3","43","43.1","47",3229,8966500,"2014-03-09 00:00:00+00"
"LHB","49.6","47","47.9","47.2",2601,5873000,"2014-03-10 00:00:00+00"
"LHB","47.8","45.5","47.8","45.8",1358,2340000,"2014-03-11 00:00:00+00"
"LHB","48","45.7","45.8","47.7",1232,2450000,"2014-03-12 00:00:00+00"
"LHB","49.7","47.8","47.8","48.8",1744,3526000,"2014-03-13 00:00:00+00"
"LHB","49.7","48.7","49.1","49.5",1239,2673000,"2014-03-16 00:00:00+00"
"LHB","49.4","47.8","49.4","47.9",1468,2391500,"2014-03-18 00:00:00+00"
"LHB","48.1","46.9","47","47.9",1087,2154500,"2014-03-19 00:00:00+00"
"LHB","49.1","47.2","47.2","48.7",844,1781000,"2014-03-20 00:00:00+00"
"LHB","49","48.4","48.9","48.5",620,1070500,"2014-03-23 00:00:00+00"
"LHB","49.4","46.8","48.9","47.2",1598,2958000,"2014-03-24 00:00:00+00"
"LHB","47.4","46.2","47.4","46.5",1265,3300500,"2014-03-25 00:00:00+00"
"LHB","47.5","46.6","46.6","47",780,2133500,"2014-03-27 00:00:00+00"
"LHB","48.4","47","47.5","48.1",1055,2712500,"2014-03-30 00:00:00+00"
"LHB","50","48.4","49","49.7",1880,5747500,"2014-03-31 00:00:00+00"
"LHB","52.8","49.9","49.9","52.2",2352,6116500,"2014-04-01 00:00:00+00"
"LHB","54.5","51.1","51.5","51.2",2950,5994000,"2014-04-02 00:00:00+00"
"LHB","52.2","49.6","51.5","51.2",1964,4577500,"2014-04-03 00:00:00+00"
"LHB","55","51.5","54.5","52.1",3565,8584000,"2014-04-06 00:00:00+00"
"LHB","57.3","55","55","57.3",1052,3814500,"2014-04-08 00:00:00+00"
"LHB","63","63","63","59.5",1,500,"2014-04-09 00:00:00+00"
"LHB","60","55.6","59.5","56.4",2573,5919000,"2014-04-10 00:00:00+00"
"LHB","58.5","55.5","55.8","58.1",1170,2555500,"2014-04-13 00:00:00+00"
"LHB","63.5","60","60","63.1",2304,5262500,"2014-04-15 00:00:00+00"
"LHB","69.4","64.5","64.5","69.3",2836,5818500,"2014-04-16 00:00:00+00"
"LHB","74.9","66.7","70","68.3",3854,6968000,"2014-04-17 00:00:00+00"
"LHB","72.9","68","68.3","72",2000,3700500,"2014-04-20 00:00:00+00"
"LHB","73.5","69.3","72.5","69.8",1894,3389000,"2014-04-21 00:00:00+00"
"LHB","69.9","65","69.9","67.1",2416,3911000,"2014-04-22 00:00:00+00"
"LHB","67","63.9","66.6","64.9",2159,3955000,"2014-04-23 00:00:00+00"
"LHB","64.8","62.7","64.4","62.9",1834,3169500,"2014-04-24 00:00:00+00"
"LHB","69.1","62.8","62.9","68.6",1416,2788500,"2014-04-27 00:00:00+00"
"LHB","69.9","63.6","69","64.9",2699,5770500,"2014-04-28 00:00:00+00"
"LHB","65","63.7","64.5","64.2",1251,2188000,"2014-04-29 00:00:00+00"
"LHB","69.5","63.8","64.1","67.7",1410,2369500,"2014-04-30 00:00:00+00"
"LHB","71.4","68.5","68.5","69.1",969,1391500,"2014-05-04 00:00:00+00"
"LHB","71.1","66.9","69.1","67",1370,1947000,"2014-05-05 00:00:00+00"
"LHB","67.4","65.8","67.4","66.9",970,1415500,"2014-05-06 00:00:00+00"
"LHB","67.7","66.3","67.5","67",825,1300000,"2014-05-07 00:00:00+00"
"LHB","69.6","66.9","66.9","69.2",1072,1899500,"2014-05-08 00:00:00+00"
"LHB","70","68","69.9","68.4",893,1347500,"2014-05-11 00:00:00+00"
"LHB","68.8","67.8","68.5","68.5",782,1257500,"2014-05-12 00:00:00+00"
"LHB","68.7","67.6","68","67.8",872,1652500,"2014-05-14 00:00:00+00"
"LHB","67.7","66.1","67.5","67.4",970,1715500,"2014-05-15 00:00:00+00"
"LHB","67.6","66.9","67","66.9",665,1306000,"2014-05-18 00:00:00+00"
"LHB","67.1","66.2","66.9","66.3",707,949500,"2014-05-19 00:00:00+00"
"LHB","67.4","66.5","67","67.1",781,1284500,"2014-05-20 00:00:00+00"
"LHB","70","67.1","67.9","69.2",1456,2604500,"2014-05-21 00:00:00+00"
"LHB","70.9","69","70","69.3",1412,2655000,"2014-05-22 00:00:00+00"
"LHB","70","68.2","69.9","69.1",626,1113500,"2014-05-25 00:00:00+00"
"LHB","69.5","68.3","69.5","68.8",711,1742000,"2014-05-26 00:00:00+00"
"LHB","70.9","68.6","68.6","70.6",1204,2494000,"2014-05-27 00:00:00+00"
"LHB","74.4","71.3","71.3","73.7",2067,5671500,"2014-05-28 00:00:00+00"
"LHB","80.9","74.8","74.9","78.5",2656,5995500,"2014-05-29 00:00:00+00"
"LHB","84.3","80","81","82.2",2414,3290500,"2014-06-01 00:00:00+00"
"LHB","82.8","79.8","82.8","80.3",1550,2083500,"2014-06-02 00:00:00+00"
"LHB","83.7","80.1","81","83.1",1528,2494000,"2014-06-03 00:00:00+00"
"LHB","89.7","84","84","89.5",2366,3799500,"2014-06-04 00:00:00+00"
"LHB","93.2","89.5","91","90.1",2139,3186000,"2014-06-05 00:00:00+00"
"LHB","89.3","81.1","89.3","84.8",3401,6012000,"2014-06-08 00:00:00+00"
"LHB","92.8","87.1","87.8","92",1960,3626500,"2014-06-09 00:00:00+00"
"LHB","99.3","82.2","96","86.5",3994,6057000,"2014-06-10 00:00:00+00"
"LHB","87.5","78.2","87","79.8",2880,4992500,"2014-06-11 00:00:00+00"
"LHB","83.7","75","79","82.5",2312,3724000,"2014-06-12 00:00:00+00"
"LHB","85.4","82","83.8","84.1",1007,1196500,"2014-06-15 00:00:00+00"
"LHB","90.3","85.8","85.9","89.7",1423,1749500,"2014-06-16 00:00:00+00"
"LHB","91.7","85.1","90.6","86.9",2986,3955500,"2014-06-17 00:00:00+00"
"LHB","88","84","87","84.6",1679,2947500,"2014-06-18 00:00:00+00"
"LHB","84.1","81.3","83.9","81.7",2239,3769500,"2014-06-19 00:00:00+00"
"LHB","83.5","78.1","81","82",2315,4303000,"2014-06-22 00:00:00+00"
"LHB","84.5","82.2","83.5","83.7",1713,2577000,"2014-06-23 00:00:00+00"
"LHB","83.9","81.5","83","82",1543,2490500,"2014-06-24 00:00:00+00"
"LHB","83.5","81.7","82","82.8",1713,3079500,"2014-06-25 00:00:00+00"
"LHB","83.4","82","83","82.6",1787,2843000,"2014-06-26 00:00:00+00"
"LHB","84.3","82.8","83.3","83.3",2582,4124500,"2014-06-29 00:00:00+00"
"LHB","84","80.3","83.3","81.1",966,1238000,"2014-07-02 00:00:00+00"
"LHB","81.5","78.5","81","78.9",1002,1307000,"2014-07-03 00:00:00+00"
"LHB","79","77.1","77.1","77.7",660,819000,"2014-07-06 00:00:00+00"
"LHB","78.3","75","78.2","75.3",1060,1451000,"2014-07-07 00:00:00+00"
"LHB","78","73.8","74.8","77.2",1103,1553000,"2014-07-08 00:00:00+00"
"LHB","81","78.1","78.9","79.2",705,784500,"2014-07-09 00:00:00+00"
"LHB","79.2","77.4","79","78.6",611,799500,"2014-07-10 00:00:00+00"
"LHB","78.2","75","78.2","76.5",664,853500,"2014-07-13 00:00:00+00"
"LHB","80","76.6","76.6","79.6",569,671500,"2014-07-14 00:00:00+00"
"LHB","81.4","79.5","79.9","80.8",556,641000,"2014-07-15 00:00:00+00"
"LHB","84.3","80.9","81","83.7",1009,1271500,"2014-07-16 00:00:00+00"
"LHB","84.8","82.4","84.4","83.1",577,539000,"2014-07-17 00:00:00+00"
"LHB","83.7","81.6","83.2","82.3",545,681000,"2014-07-20 00:00:00+00"
"LHB","82.6","81.2","82.3","82.3",407,546000,"2014-07-21 00:00:00+00"
"LHB","84.4","82.1","82.4","83.9",711,1173000,"2014-07-22 00:00:00+00"
"LHB","86.8","83.4","85.9","83.6",1370,2012500,"2014-07-23 00:00:00+00"
"LHB","85.9","83","85.8","85.4",1234,1892500,"2014-07-24 00:00:00+00"
"LHB","90","85.1","85.9","89.9",1529,1825000,"2014-08-03 00:00:00+00"
"LHB","94","90","90","92.1",1824,2338500,"2014-08-04 00:00:00+00"
"LHB","92.5","89","92.5","90.1",1292,1742500,"2014-08-05 00:00:00+00"
"LHB","91.8","89.6","90.5","91",898,1164500,"2014-08-06 00:00:00+00"
"LHB","92.5","90.8","91.3","91.8",921,1179500,"2014-08-07 00:00:00+00"
"LHB","95.7","92.3","92.5","95.3",1624,2184000,"2014-08-10 00:00:00+00"
"LHB","99","96.7","96.7","98.8",1860,2465000,"2014-08-11 00:00:00+00"
"LHB","102.2","96.3","99.5","96.8",2151,2892500,"2014-08-12 00:00:00+00"
"LHB","100.2","97","98.8","99.6",1052,1239000,"2014-08-13 00:00:00+00"
"LHB","104.7","100","100.5","104.2",2194,2664500,"2014-08-14 00:00:00+00"
"LHB","114.3","105","105","113.8",2712,3183000,"2014-08-18 00:00:00+00"
"LHB","117","109.3","113","114.8",2724,3278000,"2014-08-19 00:00:00+00"
"LHB","117","112.7","115","113.7",2027,2330000,"2014-08-20 00:00:00+00"
"LHB","114.6","110","112.6","112.8",1584,1853500,"2014-08-21 00:00:00+00"
"LHB","113","109.1","112.9","109.5",1565,1730000,"2014-08-24 00:00:00+00"
"LHB","110","103.7","109.9","109.9",2334,2920000,"2014-08-25 00:00:00+00"
"LHB","112","106.2","111","107.3",1224,1421500,"2014-08-26 00:00:00+00"
"LHB","108.7","106","106","107.1",917,938500,"2014-08-27 00:00:00+00"
"LHB","107.8","105.6","106.6","106.4",1467,1990500,"2014-08-28 00:00:00+00"
"LHB","107.8","104.8","106.4","105.3",964,1166000,"2014-08-31 00:00:00+00"
"LHB","110","104.1","106.6","108.8",1073,1281500,"2014-09-01 00:00:00+00"
"LHB","115.1","110","110","114.7",1665,2003000,"2014-09-02 00:00:00+00"
"LHB","119.9","116.9","117.8","119.1",1823,2187000,"2014-09-03 00:00:00+00"
"LHB","122.5","118.2","120.9","119.2",1740,2029500,"2014-09-04 00:00:00+00"
"LHB","121","116.9","119.9","117.2",986,1047500,"2014-09-07 00:00:00+00"
"LHB","117.2","113.8","117.2","115.3",1200,1251000,"2014-09-08 00:00:00+00"
"LHB","121","116","117","120.7",1390,1589000,"2014-09-09 00:00:00+00"
"LHB","125.2","122.8","122.8","123.6",1555,1842500,"2014-09-10 00:00:00+00"
"LHB","126.8","124.5","124.6","125.7",1398,1512500,"2014-09-11 00:00:00+00"
"LHB","131.8","127.3","127.8","131.1",1944,2405500,"2014-09-14 00:00:00+00"
"LHB","133.7","128.6","132.9","130.3",1910,2025000,"2014-09-15 00:00:00+00"
"LHB","139.9","130.6","130.6","138.9",2049,2522000,"2014-09-16 00:00:00+00"
"LHB","144.9","139","139","140.7",2503,2734500,"2014-09-17 00:00:00+00"
"LHB","143.4","138.5","143","138.8",1593,1636500,"2014-09-18 00:00:00+00"
"LHB","138.8","132","138.8","133.4",1995,1998500,"2014-09-21 00:00:00+00"
"LHB","134.9","125.5","132.7","126.6",2317,2600000,"2014-09-22 00:00:00+00"
"LHB","130.9","124.5","124.5","126.9",1527,1707000,"2014-09-23 00:00:00+00"
"LHB","139.5","126.9","126.9","139.4",1332,1733000,"2014-09-24 00:00:00+00"
"LHB","145.4","139.9","142","142.2",1271,1397500,"2014-09-25 00:00:00+00"
"LHB","142.1","135","140","136.2",1158,1259000,"2014-09-28 00:00:00+00"
"LHB","138.4","132.2","136.2","137",1117,1131000,"2014-09-29 00:00:00+00"
"LHB","138.8","135.8","137.8","137.3",814,1189500,"2014-09-30 00:00:00+00"
"LHB","139.8","137.1","138","138.3",1109,1310000,"2014-10-01 00:00:00+00"
"LHB","140.9","137.1","138.3","138.3",1219,1411500,"2014-10-02 00:00:00+00"
"LHB","139.9","136.1","139.3","136.6",817,764000,"2014-10-12 00:00:00+00"
"LHB","139.8","135.9","137","138",1199,1462500,"2014-10-13 00:00:00+00"
"LHB","141.4","136.6","140","136.9",922,955500,"2014-10-14 00:00:00+00"
"LHB","138.9","136.2","138.1","136.5",615,636000,"2014-10-15 00:00:00+00"
"LHB","138.3","135.3","138.3","135.9",809,847500,"2014-10-16 00:00:00+00"
"LHB","136.3","133","136.1","133.3",929,956000,"2014-10-19 00:00:00+00"
"LHB","135","125.6","133","128.3",1480,1499000,"2014-10-20 00:00:00+00"
"LHB","134.5","128.5","128.5","133.4",815,1185500,"2014-10-21 00:00:00+00"
"LHB","134.2","131","133.6","132.2",691,766500,"2014-10-22 00:00:00+00"
"LHB","140","131.3","139","131.7",1225,1300000,"2014-10-23 00:00:00+00"
"LHB","133.5","127.1","132","127.7",871,886500,"2014-10-26 00:00:00+00"
"LHB","130.8","125.2","128","128.9",1048,1104000,"2014-10-27 00:00:00+00"
"LHB","134","128.3","134","129.3",494,540000,"2014-10-28 00:00:00+00"
"LHB","130","127.7","128.5","128",450,469500,"2014-10-29 00:00:00+00"
"LHB","134.9","128.1","129.5","134.5",812,1030500,"2014-10-30 00:00:00+00"
"LHB","135","130.2","134.1","131.1",392,382500,"2014-11-02 00:00:00+00"
"LHB","131.5","128.2","130.4","128.5",448,430000,"2014-11-03 00:00:00+00"
"LHB","130","124.5","126.9","125.2",840,1048000,"2014-11-05 00:00:00+00"
"LHB","127.4","123","125.5","124.4",606,645000,"2014-11-06 00:00:00+00"
"LHB","124.1","113","124.1","114.3",1792,1900000,"2014-11-09 00:00:00+00"
"LHB","119","110","115","112.3",1452,1883500,"2014-11-10 00:00:00+00"
"LHB","119","112.5","112.5","118.1",590,535500,"2014-11-11 00:00:00+00"
"LHB","125","119.2","120","124.2",654,626500,"2014-11-12 00:00:00+00"
"LHB","128.2","122.1","125.7","123.4",492,495000,"2014-11-13 00:00:00+00"
"LHB","124.4","119.5","124","119.9",395,359500,"2014-11-16 00:00:00+00"
"LHB","120","116","120","116.3",442,374000,"2014-11-17 00:00:00+00"
"LHB","119","114","117.9","114.9",491,456500,"2014-11-18 00:00:00+00"
"LHB","118","115","117.9","115.7",303,245500,"2014-11-19 00:00:00+00"
"LHB","116.8","112.6","115.6","114.9",547,485500,"2014-11-20 00:00:00+00"
"LHB","114.7","112.1","114.6","112.5",483,430000,"2014-11-23 00:00:00+00"
"LHB","112.1","104.4","112","105.7",1564,1775500,"2014-11-24 00:00:00+00"
"LHB","116.1","106","106","112.9",1167,1222000,"2014-11-25 00:00:00+00"
"LHB","119","109.9","112.9","110.5",905,936000,"2014-11-26 00:00:00+00"
"LHB","113.5","108.7","113.5","109.5",498,453500,"2014-11-27 00:00:00+00"
"LHB","110.1","104.6","110","107.4",746,767000,"2014-11-30 00:00:00+00"
"LHB","112.2","107.6","108","110.8",927,1003000,"2014-12-01 00:00:00+00"
"LHB","118","113","113.1","117",892,822500,"2014-12-02 00:00:00+00"
"LHB","120","116.2","119","119",695,689500,"2014-12-03 00:00:00+00"
"LHB","120","116.3","119.5","116.8",409,354500,"2014-12-04 00:00:00+00"
"LHB","116.5","114.2","116.4","115.2",411,339500,"2014-12-07 00:00:00+00"
"LHB","115.5","113.5","115.5","113.8",485,428500,"2014-12-08 00:00:00+00"
"LHB","115.5","113.9","114.4","114",416,862000,"2014-12-09 00:00:00+00"
"LHB","115.4","112.8","115.4","113.2",368,348000,"2014-12-10 00:00:00+00"
"LHB","115.9","112","115.9","112.7",439,282157,"2014-12-11 00:00:00+00"
"LHB","117","112.2","112.7","115.5",468,348263,"2014-12-14 00:00:00+00"
"LHB","117","114.5","117","115.5",584,500404,"2014-12-15 00:00:00+00"
"LHB","116.7","112.1","116.7","113.1",756,724075,"2014-12-17 00:00:00+00"
"LHB","120.3","114.2","116","115",733,515526,"2014-12-18 00:00:00+00"
"LHB","119.5","115","115.1","118.1",737,457066,"2014-12-21 00:00:00+00"
"LHB","122.2","119.8","120.7","120.1",1776,1264770,"2014-12-22 00:00:00+00"
"LHB","121","118.4","120.2","119.7",1071,939467,"2014-12-23 00:00:00+00"
"LHB","120.3","118.5","119.8","119.5",897,532496,"2014-12-24 00:00:00+00"
"LHB","122","119.4","120.3","121.1",1102,717676,"2014-12-28 00:00:00+00"
"LHB","122.3","120.5","122.2","120.9",1429,800423,"2014-12-29 00:00:00+00"
"LHB","123.2","121.5","121.7","123",1182,660440,"2014-12-30 00:00:00+00"
"LHB","132.1","123.2","124","131.6",2371,1227820,"2015-01-01 00:00:00+00"
"LHB","136.5","132.1","132.1","134.7",2183,1422480,"2015-01-05 00:00:00+00"
"LHB","137.8","135.1","136.4","136.2",1876,1289170,"2015-01-06 00:00:00+00"
"LHB","141","135.8","137.5","136.3",2195,1273840,"2015-01-07 00:00:00+00"
"LHB","138","130.6","138","133.3",2243,1104050,"2015-01-08 00:00:00+00"
"LHB","133.7","128.3","133.5","128.6",1913,847239,"2015-01-11 00:00:00+00"
"LHB","132","126.5","131.9","130.4",1629,790128,"2015-01-12 00:00:00+00"
"LHB","134.9","130.6","131.9","132.8",1007,626923,"2015-01-13 00:00:00+00"
"LHB","133.8","131.1","132.6","131.7",767,348047,"2015-01-14 00:00:00+00"
"LHB","132.3","130","130","131.5",850,396800,"2015-01-15 00:00:00+00"
"LHB","131.4","128.5","131","128.7",1085,463037,"2015-01-18 00:00:00+00"
"LHB","129.8","127.8","129","128.6",936,482129,"2015-01-19 00:00:00+00"
"LHB","131.9","128.4","131.9","129.3",890,447165,"2015-01-20 00:00:00+00"
"LHB","129","123","129","126.1",1839,1482380,"2015-01-21 00:00:00+00"
"LHB","127.3","125.3","125.5","126",1015,606618,"2015-01-22 00:00:00+00"
"LHB","126.3","120.5","126","122.3",1431,1017550,"2015-01-25 00:00:00+00"
"LHB","124.5","121.2","122.4","122.3",953,389854,"2015-01-26 00:00:00+00"
"LHB","125","120.7","124.8","124.5",762,387067,"2015-01-27 00:00:00+00"
"LHB","125.9","123.5","124","124.5",668,321204,"2015-01-28 00:00:00+00"
"LHB","125","122.6","124.7","124.5",1124,623925,"2015-01-29 00:00:00+00"
"LHB","123.9","119.5","123","122.1",1321,750758,"2015-02-01 00:00:00+00"
"LHB","121","118","120.5","119.2",1355,665635,"2015-02-02 00:00:00+00"
"LHB","119.5","116.9","118","118.6",1092,584648,"2015-02-03 00:00:00+00"
"LHB","119","117","119","117.8",944,513286,"2015-02-04 00:00:00+00"
"LHB","121","116.6","118.7","118.6",856,397474,"2015-02-05 00:00:00+00"
"LHB","125.5","118.8","122","122.9",1623,862176,"2015-02-08 00:00:00+00"
"LHB","125.1","122.7","124","123.1",967,492300,"2015-02-09 00:00:00+00"
"LHB","128","123.7","124.5","127.3",1549,929108,"2015-02-10 00:00:00+00"
"LHB","130.6","126.6","128.4","127.6",1502,863687,"2015-02-11 00:00:00+00"
"LHB","129.3","127.1","129.3","127.8",777,356050,"2015-02-12 00:00:00+00"
"LHB","129","127.5","128","127.9",748,363533,"2015-02-15 00:00:00+00"
"LHB","128","123.5","128","123.8",1199,550593,"2015-02-16 00:00:00+00"
"LHB","125.4","122.5","124.4","124.5",693,224846,"2015-02-17 00:00:00+00"
"LHB","125.5","121.8","125.5","122",1461,584366,"2015-02-18 00:00:00+00"
"LHB","122.9","119.9","122.2","120.2",1797,924448,"2015-02-19 00:00:00+00"
"LHB","123.7","119.7","123.7","119.9",1734,849275,"2015-02-22 00:00:00+00"
"LHB","122.9","119.9","120.8","121.5",1411,631798,"2015-02-23 00:00:00+00"
"LHB","122.9","119.5","122.9","119.9",1697,689270,"2015-02-24 00:00:00+00"
"LHB","122.9","115","122","116",3009,1431070,"2015-02-25 00:00:00+00"
"LHB","117.9","115.3","116","116.4",1794,775148,"2015-02-26 00:00:00+00"
"LHB","117.7","109.9","116.8","110.4",2693,1596260,"2015-03-01 00:00:00+00"
"LHB","113.3","108.1","110","113.2",1753,886292,"2015-03-02 00:00:00+00"
"LHB","119","114","114.1","116.5",1423,627890,"2015-03-03 00:00:00+00"
"LHB","118.3","112","118.3","112.9",1916,854838,"2015-03-04 00:00:00+00"
"LHB","117","109.5","113.9","116.3",1996,1237180,"2015-03-05 00:00:00+00"
"LHB","115.9","109.5","114.1","110.3",2184,1173530,"2015-03-08 00:00:00+00"
"LHB","114.8","110","110.2","113",832,541948,"2015-03-09 00:00:00+00"
"LHB","123.2","114","114","122.2",2205,1030430,"2015-03-10 00:00:00+00"
"LHB","127.2","120","124","122.2",2592,1225560,"2015-03-11 00:00:00+00"
"LHB","125.3","118.5","121.1","124.6",1689,1021740,"2015-03-12 00:00:00+00"
"LHB","126.2","122.8","125.6","124",1627,835918,"2015-03-15 00:00:00+00"
"LHB","124.6","116.3","124.6","118.8",1526,774359,"2015-03-16 00:00:00+00"
"LHB","114","107","114","110.3",3884,3454820,"2015-03-18 00:00:00+00"
"LHB","115.9","112","113","114.6",1554,850852,"2015-03-19 00:00:00+00"
"LHB","126","118","118","123.5",2410,1380360,"2015-03-22 00:00:00+00"
"LHB","125","118","124.9","120.2",1488,585640,"2015-03-23 00:00:00+00"
"LHB","124.5","119.8","123","121.1",2594,1287990,"2015-03-24 00:00:00+00"
"LHB","122.9","119.6","121.8","119.8",1809,991168,"2015-03-25 00:00:00+00"
"LHB","120.7","116.3","120.7","117.1",2496,1258980,"2015-03-29 00:00:00+00"
"LHB","117.6","113.4","117.1","114.5",2146,1170700,"2015-03-30 00:00:00+00"
"LHB","115.3","110.8","114.2","114.5",2864,1700120,"2015-03-31 00:00:00+00"
"LHB","116","112","112.4","113.4",1822,963128,"2015-04-01 00:00:00+00"
"LHB","116","111.4","114","112.3",2864,1756720,"2015-04-02 00:00:00+00"
"LHB","114.1","111.7","112.1","113.3",2132,1276670,"2015-04-05 00:00:00+00"
"LHB","116","113.5","113.9","113.7",2969,1838880,"2015-04-06 00:00:00+00"
"LHB","113.5","111","113","112.3",1127,528128,"2015-04-08 00:00:00+00"
"LHB","115.8","112.1","113","113.6",903,479649,"2015-04-09 00:00:00+00"
"LHB","115.5","112.9","115","113.3",973,444252,"2015-04-12 00:00:00+00"
"LHB","113.4","111.8","113","111.9",776,389747,"2015-04-13 00:00:00+00"
"LHB","112.8","109.5","112.8","109.7",1765,921907,"2015-04-15 00:00:00+00"
"LHB","110.6","107.9","110.5","108.1",1455,725200,"2015-04-16 00:00:00+00"
"LHB","109.1","104.9","108","105.2",1717,773190,"2015-04-19 00:00:00+00"
"LHB","110.3","106","106","108.9",914,467815,"2015-04-20 00:00:00+00"
"LHB","109.9","107.6","108.2","107.9",641,303581,"2015-04-21 00:00:00+00"
"LHB","111.8","108.5","109.5","110.3",826,388031,"2015-04-22 00:00:00+00"
"LHB","111","106.3","110.5","108.1",630,239338,"2015-04-23 00:00:00+00"
"LHB","109","106.6","108.7","106.9",598,199479,"2015-04-26 00:00:00+00"
"LHB","109","105.7","108","107",950,419228,"2015-04-27 00:00:00+00"
"LHB","107.9","105.1","107","106.1",586,255161,"2015-04-29 00:00:00+00"
"LHB","108","105.2","106","106.6",789,544984,"2015-04-30 00:00:00+00"
"LHB","107","98","107","102.7",1815,1024870,"2015-05-04 00:00:00+00"
"LHB","105.8","102.5","102.5","104.2",766,338410,"2015-05-05 00:00:00+00"
"LHB","110","104.2","105.9","108.1",1020,493107,"2015-05-06 00:00:00+00"
"LHB","111.4","107.5","109.9","108.2",1150,641459,"2015-05-07 00:00:00+00"
"LHB","115","110","110","112.9",1633,860645,"2015-05-10 00:00:00+00"
"LHB","114.8","108.5","114.8","109",1098,401487,"2015-05-11 00:00:00+00"
"LHB","110.7","108.1","109.3","108.6",695,304221,"2015-05-12 00:00:00+00"
"LHB","109.6","107.7","108.1","107.9",778,288356,"2015-05-13 00:00:00+00"
"LHB","108.8","106.5","107.6","106.9",794,334385,"2015-05-14 00:00:00+00"
"LHB","107.6","104.8","107.5","105",1294,603921,"2015-05-17 00:00:00+00"
"LHB","107.9","106","106.7","107.1",1084,546580,"2015-05-18 00:00:00+00"
"LHB","109.5","107.7","108","108.1",884,435512,"2015-05-19 00:00:00+00"
"LHB","108.8","106.4","108.7","106.7",792,300196,"2015-05-20 00:00:00+00"
"LHB","108.9","106.2","107.5","106.5",990,583939,"2015-05-21 00:00:00+00"
"LHB","108.9","106.2","108.9","106.6",486,192963,"2015-05-24 00:00:00+00"
"LHB","109.6","106.8","107.8","109",1088,593299,"2015-05-25 00:00:00+00"
"LHB","118.9","110.5","110.5","115.6",2316,1141660,"2015-05-26 00:00:00+00"
"LHB","120","115.2","117","116.5",2329,1043330,"2015-05-27 00:00:00+00"
"LHB","120","115.1","118.6","115.7",1497,728058,"2015-05-28 00:00:00+00"
"LHB","119.4","114.8","118","117",1491,1021350,"2015-05-31 00:00:00+00"
"LHB","124","118","118.9","121.9",2777,1580240,"2015-06-01 00:00:00+00"
"LHB","126","123","124","123.8",2106,891921,"2015-06-02 00:00:00+00"
"LHB","125.9","123.6","125","124.9",1793,912771,"2015-06-04 00:00:00+00"
"LHB","130","126","126","128.3",2158,1051710,"2015-06-07 00:00:00+00"
"LHB","132.8","128","129.9","129.3",3150,1602730,"2015-06-08 00:00:00+00"
"LHB","130.9","122.5","130","123.5",2279,965210,"2015-06-09 00:00:00+00"
"LHB","128.5","124.5","125","127",1842,922875,"2015-06-10 00:00:00+00"
"LHB","130.9","117","128.9","118.3",2394,1091450,"2015-06-11 00:00:00+00"
"LHB","118.8","112","118.8","115",1389,620734,"2015-06-14 00:00:00+00"
"LHB","119.9","114","115.3","118.7",990,365115,"2015-06-15 00:00:00+00"
"LHB","121.8","118.1","120","120.9",1000,384905,"2015-06-16 00:00:00+00"
"LHB","121.4","118.8","121.1","119",712,367609,"2015-06-17 00:00:00+00"
"LHB","119.4","114.8","118.1","116.1",1935,868119,"2015-06-18 00:00:00+00"
"LHB","116.5","114.1","116","115.7",1177,565258,"2015-06-21 00:00:00+00"
"LHB","117.5","115","115","115.2",1696,731936,"2015-06-22 00:00:00+00"
"LHB","122.9","116.6","120","118",5314,3141390,"2015-06-23 00:00:00+00"
"LHB","118.1","113.5","117.9","114",2711,1234510,"2015-06-24 00:00:00+00"
"LHB","114.4","111","113","112.4",2539,968143,"2015-06-25 00:00:00+00"
"LHB","115","111.2","113","113.9",2726,1737770,"2015-06-28 00:00:00+00"
"LHB","116.9","114.3","115","116.1",2270,1508640,"2015-06-29 00:00:00+00"
"LHB","119.2","116.3","117","118.1",3205,2082580,"2015-06-30 00:00:00+00"
"LHB","121.3","115.2","119.7","115.9",3407,2499700,"2015-07-05 00:00:00+00"
"LHB","116.4","114.7","115.7","115.8",1759,960937,"2015-07-06 00:00:00+00"
"LHB","117.8","114.5","116.7","114.8",2361,1242830,"2015-07-07 00:00:00+00"
"LHB","115.6","113.9","115.4","114.1",1942,1175900,"2015-07-08 00:00:00+00"
"LHB","115.1","114.1","114.5","114.3",1511,822856,"2015-07-09 00:00:00+00"
"LHB","117","110.1","117","110.7",5123,2945850,"2015-07-12 00:00:00+00"
"LHB","114","110.4","111","112.8",2485,1378740,"2015-07-13 00:00:00+00"
"LHB","115","112.9","113.8","114.5",2567,1379780,"2015-07-14 00:00:00+00"
"LHB","122.5","115.1","115.5","121.5",6544,3522660,"2015-07-21 00:00:00+00"
"LHB","124.5","119","122.2","119.8",3973,2388210,"2015-07-22 00:00:00+00"
"LHB","125.9","120","121","125.4",7543,5453910,"2015-07-23 00:00:00+00"
"LHB","130","125.5","126","125.9",5943,4793460,"2015-07-26 00:00:00+00"
"LHB","126","121.5","126","122.5",4777,2888210,"2015-07-27 00:00:00+00"
"LHB","124.5","121.8","123.9","124",2990,2542040,"2015-07-28 00:00:00+00"
"LHB","125.5","122","124.8","123.3",2889,1902380,"2015-07-29 00:00:00+00"
"LHB","127.8","123.7","124","127",4604,3315180,"2015-07-30 00:00:00+00"
"LHB","129.6","125.3","128.1","125.8",3652,2339480,"2015-08-02 00:00:00+00"
"LHB","126.8","124.6","126.5","125",2821,1919330,"2015-08-03 00:00:00+00"
"LHB","127.5","125.1","125.9","125.5",3087,2556000,"2015-08-04 00:00:00+00"
"LHB","126.5","124","126","124.3",2495,1687520,"2015-08-05 00:00:00+00"
"LHB","125","122.6","124.6","123.3",2364,1678400,"2015-08-06 00:00:00+00"
"LHB","123.6","121","123.6","121.3",3082,1815380,"2015-08-09 00:00:00+00"
"LHB","126.2","122.2","123","123.8",2798,1904460,"2015-08-10 00:00:00+00"
"LHB","125.5","121.6","124","122.1",1729,840048,"2015-08-11 00:00:00+00"
"LHB","122.6","121.2","121.5","121.6",2113,1072990,"2015-08-12 00:00:00+00"
"LHB","123.4","121","123.4","121.2",1838,1166760,"2015-08-13 00:00:00+00"
"LHB","121.6","119.4","121.6","119.8",1556,872873,"2015-08-16 00:00:00+00"
"LHB","119.9","116.5","119.8","116.8",2468,1364980,"2015-08-17 00:00:00+00"
"LHB","119.2","115.8","117.2","117.8",1995,1095420,"2015-08-18 00:00:00+00"
"LHB","120","117.5","118.1","117.9",1724,916048,"2015-08-19 00:00:00+00"
"LHB","116.7","113.6","116","116.3",3970,2787810,"2015-08-20 00:00:00+00"
"LHB","116","113.5","116","114.3",1919,1292580,"2015-08-23 00:00:00+00"
"LHB","115.3","113.7","114.8","114",1726,1232330,"2015-08-24 00:00:00+00"
"LHB","115","112.6","113.9","114.5",2188,1919820,"2015-08-25 00:00:00+00"
"LHB","115.5","114.2","115","115.3",1291,787580,"2015-08-26 00:00:00+00"
"LHB","115.5","114.7","115.5","115.2",1355,1075920,"2015-08-27 00:00:00+00"
"LHB","115.9","113.5","114.2","113.7",1175,643051,"2015-08-30 00:00:00+00"
"LHB","114.2","112","114","112.5",1442,1110820,"2015-08-31 00:00:00+00"
"LHB","113","109.7","113","111",1701,1124400,"2015-09-01 00:00:00+00"
"LHB","114","111.1","111.1","113.4",1176,656211,"2015-09-02 00:00:00+00"
"LHB","114.4","112.9","112.9","113.7",1148,761710,"2015-09-03 00:00:00+00"
"LHB","113.7","111.4","113.7","111.6",1289,840019,"2015-09-06 00:00:00+00"
"LHB","112.1","111","111.3","111.5",1243,792350,"2015-09-07 00:00:00+00"
"LHB","112.1","110","112","111.1",1562,1012460,"2015-09-08 00:00:00+00"
"LHB","111.1","109.2","111","109.9",1265,708651,"2015-09-09 00:00:00+00"
"LHB","110.4","106.8","109.8","108",2177,1120210,"2015-09-10 00:00:00+00"
"LHB","108.4","104.9","108.4","105.1",2645,1410230,"2015-09-13 00:00:00+00"
"LHB","109","105.4","105.5","108.4",2218,1457590,"2015-09-14 00:00:00+00"
"LHB","111","109.3","109.4","109.4",1743,937200,"2015-09-15 00:00:00+00"
"LHB","109.5","106.8","109.1","107.4",1289,616975,"2015-09-16 00:00:00+00"
"LHB","108.4","106.9","108","107.9",1032,631073,"2015-09-17 00:00:00+00"
"LHB","109.1","107","108","107.2",1377,771341,"2015-09-20 00:00:00+00"
"LHB","107.7","106.7","107.2","107.1",1268,855032,"2015-09-21 00:00:00+00"
"LHB","108.9","107","107","108.2",1425,817404,"2015-09-22 00:00:00+00"
"LHB","112.8","108.5","109.5","110.9",2896,1585540,"2015-09-28 00:00:00+00"
"LHB","111.5","108","111.5","108.3",1352,653831,"2015-09-29 00:00:00+00"
"LHB","109.5","107.3","108.9","107.6",1212,745955,"2015-09-30 00:00:00+00"
"LHB","108.4","107.1","108.4","107.5",1106,685987,"2015-10-01 00:00:00+00"
"LHB","108.4","105.8","108.4","106",1495,777179,"2015-10-04 00:00:00+00"
"LHB","106.4","104.8","106","106.1",1172,778997,"2015-10-05 00:00:00+00"
"LHB","107","104.4","107","105",1355,838920,"2015-10-06 00:00:00+00"
"LHB","105.9","103.4","105.1","103.8",1415,1043040,"2015-10-07 00:00:00+00"
"LHB","104","99","104","100.3",2715,1793280,"2015-10-08 00:00:00+00"
"LHB","99.9","94.1","99.9","96.1",3230,2405440,"2015-10-11 00:00:00+00"
"LHB","100.8","96.2","96.9","100",2469,1619520,"2015-10-12 00:00:00+00"
"LHB","101.8","98","101.8","98.3",1788,1566650,"2015-10-13 00:00:00+00"
"LHB","97.7","95.4","97.7","96.2",1774,1274730,"2015-10-14 00:00:00+00"
"LHB","96.1","87.1","96.1","89.8",4907,3622180,"2015-10-15 00:00:00+00"
"LHB","90","81.1","90","83.1",5413,5591470,"2015-10-18 00:00:00+00"
"LHB","90.9","83.2","83.8","90.1",4202,3136160,"2015-10-19 00:00:00+00"
"LHB","90.6","87.5","90.2","89.6",3764,2977200,"2015-10-20 00:00:00+00"
"LHB","89.9","85.2","85.6","89.3",3029,2595340,"2015-10-21 00:00:00+00"
"LHB","89.7","86.9","89.7","88.2",1193,601141,"2015-10-25 00:00:00+00"
"LHB","88.8","85","88.3","85.4",2165,1680530,"2015-10-26 00:00:00+00"
"LHB","85.8","81.9","85.5","82.6",2900,2035010,"2015-10-27 00:00:00+00"
"LHB","83","80.3","82.9","82.3",2133,1506870,"2015-10-28 00:00:00+00"
"LHB","84.7","81.9","82.1","83.5",1545,1033300,"2015-10-29 00:00:00+00"
"LHB","83.5","81.2","83","83.1",1892,1256950,"2015-11-01 00:00:00+00"
"LHB","86.1","82.3","83.7","85.5",1714,1152410,"2015-11-02 00:00:00+00"
"LHB","86.6","84.9","85.4","85.7",1261,762677,"2015-11-03 00:00:00+00"
"LHB","85.6","84.2","85.6","84.7",1056,748463,"2015-11-04 00:00:00+00"
"LHB","85.5","83.9","84.4","85",1149,923253,"2015-11-05 00:00:00+00"
"LHB","84.7","82","84.5","82.7",1494,1024870,"2015-11-08 00:00:00+00"
"LHB","83.3","81.5","83","82.8",1372,1237790,"2015-11-09 00:00:00+00"
"LHB","84.9","83.1","84.2","83.7",1131,823297,"2015-11-10 00:00:00+00"
"LHB","84.2","81.5","83.6","82.3",1060,570552,"2015-11-11 00:00:00+00"
"LHB","83.5","82.2","83.4","83",789,567227,"2015-11-12 00:00:00+00"
"LHB","83.3","81.5","83.2","81.8",991,722584,"2015-11-15 00:00:00+00"
"LHB","83.1","82","82.2","82.8",1093,826264,"2015-11-16 00:00:00+00"
"LHB","83.4","82.1","83","83",1287,822870,"2015-11-17 00:00:00+00"
"LHB","83.1","82","83","83",647,566829,"2015-11-18 00:00:00+00"
"LHB","83","82.3","83","82.7",916,674049,"2015-11-19 00:00:00+00"
"LHB","83.4","82.7","83.3","83.2",1207,858792,"2015-11-22 00:00:00+00"
"LHB","86.6","83.9","83.9","85.1",2899,1919750,"2015-11-23 00:00:00+00"
"LHB","85.4","83.9","85.1","84.3",1248,862761,"2015-11-24 00:00:00+00"
"LHB","84.8","82.9","84.3","83.2",1304,860847,"2015-11-25 00:00:00+00"
"LHB","84.2","82.1","83.4","82.3",1141,659166,"2015-11-26 00:00:00+00"
"LHB","82.9","80.7","82.3","81",1951,1135320,"2015-11-29 00:00:00+00"
"LHB","82.3","80.6","81.5","81.6",1551,1102610,"2015-11-30 00:00:00+00"
"LHB","83.2","81.8","82.3","82.1",1158,663898,"2015-12-01 00:00:00+00"
"LHB","82.7","81.5","82.6","81.6",1175,709678,"2015-12-02 00:00:00+00"
"LHB","85.8","81.3","81.4","85",3684,2546360,"2015-12-03 00:00:00+00"
"LHB","87.9","85.6","86","85.7",2656,1313340,"2015-12-06 00:00:00+00"
"LHB","85.5","83","85.5","83.1",1846,1067580,"2015-12-07 00:00:00+00"
"LHB","83.7","82.5","83.7","82.7",1203,670110,"2015-12-08 00:00:00+00"
"LHB","83.5","82","83.5","82.1",1150,705852,"2015-12-09 00:00:00+00"
"LHB","82.7","82","82.4","82.1",953,656954,"2015-12-10 00:00:00+00"
"LHB","82.7","81.5","82.1","81.7",968,643133,"2015-12-13 00:00:00+00"
"LHB","81.7","80.5","81.5","80.6",1261,651714,"2015-12-14 00:00:00+00"
"LHB","81","77.7","80.8","78.6",1588,1081120,"2015-12-15 00:00:00+00"
"LHB","78.6","75.7","78.6","75.9",1819,1162090,"2015-12-17 00:00:00+00"
"LHB","75.9","72.5","75.9","73.5",2160,1223210,"2015-12-20 00:00:00+00"
"LHB","76","74.6","75","75.4",1430,872817,"2015-12-21 00:00:00+00"
"LHB","78.5","75.5","75.5","77.6",2266,1505970,"2015-12-22 00:00:00+00"
"LHB","77.4","75.9","76.7","76.4",1043,552647,"2015-12-23 00:00:00+00"
"LHB","76.9","75.4","76.8","75.7",1079,618505,"2015-12-24 00:00:00+00"
"LHB","76.1","74.9","76.1","75.1",974,457819,"2015-12-27 00:00:00+00"

"LHB","75.7","74.5","75.7","74.7",758,446773,"2015-12-28 00:00:00+00"
